generation,mean_fitness,best_fitness
1,-159849.687500,-3874.947998
2,-149672.187500,-4001.124268
3,-149615.734375,-4171.020996
4,-149725.781250,-4364.663574
5,-149627.203125,-4397.074219
6,-149875.359375,-4627.146973
7,-149840.390625,-4701.610840
8,-149799.109375,-4646.772949
9,-149666.906250,-4829.959473
10,-149640.125000,-4852.458008
11,-149638.109375,-5189.084961
12,-149665.531250,-5170.107910
13,-149538.843750,-5579.209961
14,-149511.390625,-5549.116211
15,-149494.734375,-5605.322754
16,-149509.500000,-5685.444336
17,-149486.531250,-5719.393066
18,-149648.390625,-5759.351074
19,-149686.546875,-5811.197266
20,-149737.859375,-5849.984375
21,-149818.453125,-5917.398926
22,-149932.562500,-6040.928223
23,-149847.953125,-6073.946777
24,-149910.125000,-6629.196289
25,-150132.250000,-6661.654297
26,-150211.906250,-6644.290527
27,-150252.593750,-6626.591797
28,-150144.812500,-6698.208984
29,-150051.359375,-6694.416016
30,-150116.796875,-6698.537598
31,-150048.531250,-6964.571289
32,-149985.093750,-6962.723145
33,-149811.375000,-6982.660156
34,-149925.281250,-7011.004883
35,-150177.703125,-7111.842773
36,-150128.406250,-7240.058594
37,-150247.375000,-7277.500000
38,-150214.593750,-7269.895020
39,-150287.671875,-7267.030762
40,-150289.234375,-7260.496582
41,-150197.671875,-7297.248535
42,-150177.343750,-7359.456543
43,-150126.234375,-7683.401367
44,-150198.625000,-7888.212402
45,-150172.843750,-7879.587402
46,-150162.281250,-8062.888184
47,-150173.000000,-8113.910156
48,-150164.234375,-8096.501465
49,-150206.484375,-8094.619141
50,-150184.796875,-8049.517090
51,-150171.765625,-8085.615234
52,-150150.031250,-8246.505859
53,-150100.031250,-8159.592773
54,-150201.375000,-8312.559570
55,-150299.031250,-8671.820312
56,-150312.625000,-8821.770508
57,-150451.671875,-8795.114258
58,-150450.296875,-8897.256836
59,-150428.421875,-8867.687500
60,-150387.250000,-8234.606445
61,-150325.843750,-8839.830078
62,-150428.312500,-8806.129883
63,-150426.015625,-8884.742188
64,-150255.781250,-9047.105469
65,-150276.750000,-9001.213867
66,-150318.781250,-8991.615234
67,-150357.187500,-9046.307617
68,-150410.687500,-9057.219727
69,-150331.281250,-8883.569336
70,-150270.281250,-8975.974609
71,-150256.453125,-8885.381836
72,-150204.296875,-9073.789062
73,-150247.156250,-9101.812500
74,-150100.359375,-9019.193359
75,-149834.765625,-9086.318359
76,-149744.281250,-8906.366211
77,-149851.093750,-8891.843750
78,-149931.281250,-9028.279297
79,-149889.531250,-9056.273438
80,-149825.281250,-9064.154297
81,-149781.875000,-9164.402344
82,-149624.281250,-9053.373047
83,-149665.500000,-9027.159180
84,-149705.843750,-8977.310547
85,-149720.140625,-8968.350586
86,-149605.625000,-8932.515625
87,-149484.187500,-8826.854492
88,-149417.343750,-8807.275391
89,-149437.625000,-8822.884766
90,-149438.937500,-8967.135742
91,-149375.968750,-8985.265625
92,-149240.843750,-8998.948242
93,-149185.781250,-8929.823242
94,-149287.453125,-9006.427734
95,-149386.000000,-9084.653320
96,-149406.484375,-9081.583008
97,-149417.906250,-9086.842773
98,-149379.171875,-9190.705078
99,-149405.312500,-9209.990234
100,-149399.593750,-9261.165039
101,-149438.953125,-9735.597656
102,-149484.468750,-9905.327148
103,-149673.015625,-9914.762695
104,-149637.843750,-9922.603516
105,-149502.796875,-9921.551758
106,-149477.906250,-9789.859375
107,-149371.500000,-9720.108398
108,-149236.171875,-9730.279297
109,-149330.406250,-9654.935547
110,-149323.578125,-9625.995117
111,-149113.921875,-9609.924805
112,-149119.656250,-9793.121094
113,-149209.125000,-9878.102539
114,-149225.281250,-9861.741211
115,-149117.140625,-9792.015625
116,-149068.031250,-9805.766602
117,-149048.343750,-9789.754883
118,-149049.296875,-10110.645508
119,-148998.921875,-10008.084961
120,-149021.468750,-10068.877930
121,-149109.953125,-9718.189453
122,-149120.218750,-9784.453125
123,-149008.765625,-9974.424805
124,-148972.953125,-10089.950195
125,-149051.656250,-10424.928711
126,-148970.640625,-10335.575195
127,-148983.437500,-10263.229492
128,-148980.328125,-10076.180664
129,-148936.984375,-9990.248047
130,-148820.218750,-10040.522461
131,-148791.609375,-9874.508789
132,-148855.859375,-10114.155273
133,-149005.453125,-10144.610352
134,-148930.437500,-10118.042969
135,-148967.140625,-10070.373047
136,-148989.171875,-10368.611328
137,-148933.828125,-10318.759766
138,-148940.718750,-10525.880859
139,-148881.703125,-10437.324219
140,-148915.171875,-11082.262695
141,-148929.171875,-11098.341797
142,-148895.625000,-11110.979492
143,-148846.968750,-11061.953125
144,-148865.078125,-11096.786133
145,-148691.000000,-11360.750977
146,-148767.468750,-11387.810547
147,-148785.609375,-11325.431641
148,-148892.437500,-11322.864258
149,-148857.281250,-11293.425781
150,-148738.234375,-11084.002930
151,-148773.125000,-11555.362305
152,-148872.468750,-11714.777344
153,-148822.406250,-11710.041016
154,-148862.859375,-11452.152344
155,-148901.843750,-11456.477539
156,-148833.578125,-11441.230469
157,-148891.609375,-11451.940430
158,-149076.843750,-11405.964844
159,-149067.734375,-11593.111328
160,-149096.078125,-11633.185547
161,-149070.359375,-11516.167969
162,-149012.578125,-11592.441406
163,-148927.781250,-11625.490234
164,-148839.171875,-11574.375977
165,-148758.781250,-11605.540039
166,-148612.468750,-11529.413086
167,-148605.296875,-11503.821289
168,-148640.500000,-11471.394531
169,-148576.406250,-11421.554688
170,-148494.468750,-11594.406250
171,-148592.875000,-11585.961914
172,-148647.984375,-11734.942383
173,-148671.781250,-11835.847656
174,-148745.718750,-11842.469727
175,-148734.625000,-11802.502930
176,-148843.281250,-11809.631836
177,-148696.187500,-11787.389648
178,-148701.281250,-11792.240234
179,-148857.859375,-11775.645508
180,-148882.281250,-11723.749023
181,-148830.234375,-11862.499023
182,-148837.218750,-11872.708008
183,-148696.140625,-11746.391602
184,-148620.187500,-11916.115234
185,-148848.265625,-11981.581055
186,-148808.156250,-11854.110352
187,-148845.500000,-11840.568359
188,-148758.828125,-12549.892578
189,-148778.671875,-12626.216797
190,-148727.796875,-12730.882812
191,-148609.265625,-12720.267578
192,-148596.171875,-12799.048828
193,-148614.062500,-12751.048828
194,-148725.734375,-12750.320312
195,-148720.406250,-12647.596680
196,-148789.328125,-12714.209961
197,-148876.515625,-12611.333008
198,-148989.156250,-13118.435547
199,-149104.781250,-13124.715820
200,-149202.546875,-13222.433594
201,-149306.968750,-13352.479492
202,-149478.781250,-13406.382812
203,-149464.671875,-13394.974609
204,-149464.046875,-13482.157227
205,-149513.656250,-13566.354492
206,-149535.890625,-13312.819336
207,-149495.453125,-13343.291992
208,-149704.109375,-13458.825195
209,-149715.531250,-13452.870117
210,-149707.437500,-13592.751953
211,-149722.000000,-13590.408203
212,-149676.593750,-13521.275391
213,-149561.859375,-13298.553711
214,-149559.859375,-13765.750000
215,-149645.078125,-13771.916016
216,-149549.531250,-13773.544922
217,-149557.609375,-13732.499023
218,-149506.453125,-13769.010742
219,-149526.375000,-13773.014648
220,-149505.953125,-13787.807617
221,-149516.406250,-13929.243164
222,-149469.859375,-13976.478516
223,-149519.046875,-14095.171875
224,-149639.671875,-14123.613281
225,-149598.359375,-14092.404297
226,-149607.515625,-14034.382812
227,-149568.343750,-13915.835938
228,-149699.250000,-13906.130859
229,-149620.062500,-13549.211914
230,-149571.218750,-13897.199219
231,-149545.890625,-13979.914062
232,-149537.156250,-14126.866211
233,-149503.093750,-14302.638672
234,-149395.187500,-14045.666992
235,-149243.390625,-14370.125977
236,-149181.937500,-14384.697266
237,-149130.359375,-14358.492188
238,-148998.515625,-14261.938477
239,-148954.359375,-14228.457031
240,-148947.453125,-14231.222656
241,-149063.203125,-14330.198242
242,-149170.000000,-14418.916016
243,-149191.703125,-14523.315430
244,-149313.406250,-14541.793945
245,-149373.781250,-14529.375000
246,-149299.156250,-14513.578125
247,-149304.406250,-14537.050781
248,-149283.375000,-14530.463867
249,-149267.812500,-14589.846680
250,-149224.718750,-14573.417969
251,-149271.703125,-14510.501953
252,-149238.468750,-14533.779297
253,-149202.468750,-14541.591797
254,-149361.359375,-14302.250977
255,-149249.109375,-14287.111328
256,-149276.250000,-14324.585938
257,-149158.484375,-14313.165039
258,-149169.515625,-14243.788086
259,-149186.968750,-14452.191406
260,-149110.843750,-14564.085938
261,-149169.531250,-14535.828125
262,-149100.750000,-14589.617188
263,-149140.546875,-14214.847656
264,-149211.781250,-14503.785156
265,-149400.750000,-14760.690430
266,-149295.015625,-14704.913086
267,-149423.656250,-14642.241211
268,-149436.453125,-14637.153320
269,-149596.750000,-14568.125977
270,-149580.468750,-14666.460938
271,-149508.484375,-14782.135742
272,-149608.718750,-14521.615234
273,-149474.281250,-14452.946289
274,-149475.218750,-14633.777344
275,-149450.375000,-14636.607422
276,-149384.593750,-14581.112305
277,-149271.218750,-14569.682617
278,-149320.671875,-14502.001953
279,-149418.046875,-14487.284180
280,-149341.640625,-14264.068359
281,-149346.656250,-14255.243164
282,-149400.546875,-14248.693359
283,-149451.390625,-14208.740234
284,-149454.203125,-14218.063477
285,-149481.046875,-14547.820312
286,-149496.546875,-14490.531250
287,-149656.453125,-14457.083984
288,-149703.250000,-14434.845703
289,-149730.203125,-14466.685547
290,-149726.515625,-14326.833008
291,-149645.343750,-14465.430664
292,-149697.109375,-14706.274414
293,-149522.218750,-14723.156250
294,-149454.406250,-14706.991211
295,-149578.281250,-14680.753906
296,-149691.140625,-14671.559570
297,-149662.093750,-14617.921875
298,-149606.671875,-14645.079102
299,-149617.718750,-14686.120117
300,-149670.250000,-14708.725586
301,-149760.156250,-14663.193359
302,-149843.234375,-14691.838867
303,-149776.609375,-14708.021484
304,-149843.203125,-14748.142578
305,-149952.718750,-14962.980469
306,-149900.625000,-14952.164062
307,-149834.656250,-14970.635742
308,-149822.531250,-14964.045898
309,-149925.875000,-14961.022461
310,-149838.359375,-15052.977539
311,-149867.265625,-15051.968750
312,-149767.468750,-15053.385742
313,-149793.703125,-14963.450195
314,-149795.156250,-15170.348633
315,-149868.156250,-15291.442383
316,-149780.125000,-15247.843750
317,-149857.078125,-15230.323242
318,-150069.718750,-15259.451172
319,-150072.031250,-15242.982422
320,-150188.421875,-15289.697266
321,-150200.453125,-16033.158203
322,-150202.093750,-16103.228516
323,-150190.015625,-16046.838867
324,-150223.031250,-16096.764648
325,-150152.031250,-16100.791992
326,-150129.578125,-16079.545898
327,-150037.468750,-16040.976562
328,-150010.781250,-16065.407227
329,-150006.375000,-15900.122070
330,-149990.218750,-16022.397461
331,-149920.093750,-16084.142578
332,-149855.171875,-15891.652344
333,-150057.781250,-15930.212891
334,-150055.718750,-15817.554688
335,-150036.250000,-15811.888672
336,-150092.875000,-15911.337891
337,-150079.343750,-15991.124023
338,-150176.734375,-16024.010742
339,-150080.640625,-15828.325195
340,-150043.609375,-15329.375000
341,-150055.796875,-15219.105469
342,-150121.156250,-15422.949219
343,-150251.453125,-15469.144531
344,-150381.203125,-15480.239258
345,-150400.156250,-15581.599609
346,-150455.406250,-15578.592773
347,-150529.218750,-15599.899414
348,-150456.328125,-15523.845703
349,-150417.531250,-15613.176758
350,-150321.718750,-14886.144531
351,-150164.703125,-14904.826172
352,-150186.890625,-14812.046875
353,-150114.921875,-14765.269531
354,-150049.953125,-14868.767578
355,-150090.906250,-14774.352539
356,-150106.046875,-14852.094727
357,-150132.625000,-14752.788086
358,-150016.703125,-14797.731445
359,-149868.156250,-14791.021484
360,-149934.453125,-14586.292969
361,-149792.281250,-14612.832031
362,-149774.421875,-14564.700195
363,-149710.859375,-14548.673828
364,-149716.468750,-14613.014648
365,-149885.437500,-14553.633789
366,-149995.656250,-14657.282227
367,-149971.500000,-14739.356445
368,-150165.875000,-14887.591797
369,-150134.343750,-14928.925781
370,-150131.343750,-14944.040039
371,-150023.718750,-15084.587891
372,-150138.750000,-15176.882812
373,-150148.687500,-15129.648438
374,-150204.125000,-15003.369141
375,-150012.906250,-14976.424805
376,-149880.234375,-14845.077148
377,-150104.015625,-14831.518555
378,-150110.343750,-14915.667969
379,-150176.687500,-14800.340820
380,-150295.890625,-14774.176758
381,-150231.906250,-14800.125977
382,-150316.343750,-14865.834961
383,-150268.000000,-14714.947266
384,-150308.625000,-14729.926758
385,-150335.656250,-14721.031250
386,-150445.437500,-14958.541016
387,-150494.546875,-15105.867188
388,-150526.343750,-15040.958984
389,-150638.640625,-14788.177734
390,-150593.406250,-14672.633789
391,-150637.531250,-14522.565430
392,-150661.218750,-14467.887695
393,-150725.062500,-14444.872070
394,-150780.421875,-14496.047852
395,-150772.781250,-14474.918945
396,-150849.562500,-14342.182617
397,-150801.968750,-14522.032227
398,-150852.765625,-14418.621094
399,-150951.234375,-14423.583008
400,-151076.828125,-14426.519531
401,-151077.890625,-14451.988281
402,-151080.046875,-14355.917969
403,-150967.156250,-14422.738281
404,-150991.187500,-14332.352539
405,-151019.484375,-14358.497070
406,-150866.515625,-14473.406250
407,-150731.828125,-14422.965820
408,-150900.781250,-14498.459961
409,-150764.296875,-14657.837891
410,-150846.671875,-14579.160156
411,-150712.015625,-14544.805664
412,-150764.375000,-14722.210938
413,-150844.468750,-14652.311523
414,-150770.406250,-14735.290039
415,-150702.562500,-14735.589844
416,-150849.281250,-14647.108398
417,-150893.343750,-14613.288086
418,-151018.781250,-14615.279297
419,-151063.328125,-14606.578125
420,-150987.578125,-14619.863281
421,-150818.093750,-14582.708008
422,-150503.937500,-14546.703125
423,-150480.531250,-14380.904297
424,-150521.281250,-14326.930664
425,-150544.484375,-14319.345703
426,-150410.343750,-14285.749023
427,-150472.125000,-14246.056641
428,-150606.750000,-14288.663086
429,-150604.859375,-14256.909180
430,-150452.968750,-14266.464844
431,-150612.484375,-14477.348633
432,-150577.312500,-14479.669922
433,-150607.593750,-14380.872070
434,-150654.656250,-14379.974609
435,-150675.890625,-14412.468750
436,-150595.656250,-14412.532227
437,-150698.250000,-14390.349609
438,-150678.265625,-14402.248047
439,-150692.203125,-14309.634766
440,-150622.843750,-14376.577148
441,-150683.265625,-14069.751953
442,-150806.718750,-14193.242188
443,-150850.750000,-14167.849609
444,-150731.484375,-14166.749023
445,-150816.468750,-14025.334961
446,-150832.671875,-13985.905273
447,-150853.328125,-14026.172852
448,-150865.140625,-13955.949219
449,-151023.171875,-13991.640625
450,-150955.843750,-13936.070312
451,-150950.140625,-13816.497070
452,-150886.468750,-13702.853516
453,-150909.859375,-13632.315430
454,-150896.093750,-13775.332031
455,-150883.453125,-13878.983398
456,-150939.750000,-13862.400391
457,-150927.031250,-13832.982422
458,-150986.390625,-13783.619141
459,-150981.421875,-13868.727539
460,-150959.515625,-14023.576172
461,-150981.093750,-14024.290039
462,-151071.281250,-13974.937500
463,-150996.093750,-14057.806641
464,-151023.718750,-13756.536133
465,-151086.453125,-14042.036133
466,-151028.593750,-14041.111328
467,-150988.750000,-14172.068359
468,-151009.984375,-14169.107422
469,-151002.359375,-14115.356445
470,-151100.578125,-13864.343750
471,-151054.187500,-13802.327148
472,-151019.968750,-13686.157227
473,-151179.000000,-13972.185547
474,-151264.812500,-14576.348633
475,-151180.046875,-14637.343750
476,-151074.328125,-14683.137695
477,-151090.625000,-14702.760742
478,-151105.468750,-14705.046875
479,-151088.125000,-14419.102539
480,-151201.140625,-14581.343750
481,-151303.453125,-14385.590820
482,-151308.375000,-14391.828125
483,-151136.218750,-14405.702148
484,-151246.593750,-14498.377930
485,-151363.843750,-14502.934570
486,-151377.265625,-14490.172852
487,-151329.984375,-14557.506836
488,-151231.578125,-14723.615234
489,-151322.593750,-14654.924805
490,-151233.015625,-14641.489258
491,-151165.812500,-14504.708984
492,-151140.093750,-14680.171875
493,-150996.890625,-14683.344727
494,-151056.234375,-14781.077148
495,-151033.906250,-14824.114258
496,-151000.140625,-14900.507812
497,-150970.609375,-14871.731445
498,-150959.781250,-14890.817383
499,-150869.093750,-14609.603516
500,-150884.093750,-14800.024414
501,-150843.750000,-14968.645508
502,-150720.656250,-14973.572266
503,-150457.796875,-14883.977539
504,-150516.781250,-15261.246094
505,-150374.078125,-15298.633789
506,-150416.718750,-15306.508789
507,-150292.828125,-15393.514648
508,-150267.921875,-15323.041016
509,-150258.281250,-15338.361328
510,-150121.984375,-15289.212891
511,-150024.093750,-15141.291992
512,-149950.406250,-15112.717773
513,-149820.765625,-15205.264648
514,-149751.546875,-15180.543945
515,-149770.937500,-15251.561523
516,-149657.625000,-15312.516602
517,-149652.281250,-15328.640625
518,-149709.015625,-15165.028320
519,-149694.328125,-15437.207031
520,-149635.546875,-15413.321289
521,-149475.484375,-15376.581055
522,-149533.906250,-15518.250000
523,-149550.093750,-15655.075195
524,-149577.015625,-15550.127930
525,-149548.343750,-15528.955078
526,-149593.015625,-15585.881836
527,-149641.953125,-15786.503906
528,-149485.031250,-15781.527344
529,-149354.156250,-15795.416016
530,-149430.218750,-15392.610352
531,-149505.234375,-15791.970703
532,-149388.796875,-15749.812500
533,-149422.312500,-15708.439453
534,-149506.093750,-15581.096680
535,-149585.500000,-15681.794922
536,-149440.500000,-15673.542969
537,-149423.531250,-15508.796875
538,-149385.531250,-15481.206055
539,-149395.156250,-15450.244141
540,-149389.968750,-15452.100586
541,-149364.546875,-15490.152344
542,-149291.546875,-15464.501953
543,-149319.546875,-15440.481445
544,-149327.593750,-15436.753906
545,-149316.500000,-15500.965820
546,-149359.468750,-15569.625977
547,-149446.812500,-15609.593750
548,-149525.468750,-16115.622070
549,-149534.000000,-16068.947266
550,-149577.781250,-16090.849609
551,-149620.234375,-15868.375000
552,-149495.625000,-15834.646484
553,-149448.531250,-15843.768555
554,-149429.312500,-15717.554688
555,-149520.796875,-16075.532227
556,-149475.343750,-16079.622070
557,-149515.375000,-16125.849609
558,-149573.156250,-15966.311523
559,-149472.125000,-15912.195312
560,-149323.968750,-15847.761719
561,-149342.953125,-15840.724609
562,-149366.656250,-15614.228516
563,-149310.406250,-16300.321289
564,-149378.593750,-16241.526367
565,-149368.234375,-16273.699219
566,-149451.093750,-16288.851562
567,-149602.671875,-16270.481445
568,-149695.562500,-16231.740234
569,-149800.921875,-16265.568359
570,-149802.937500,-16305.606445
571,-149782.093750,-16603.986328
572,-149757.015625,-16717.423828
573,-149612.953125,-16706.062500
574,-149555.109375,-16695.851562
575,-149570.953125,-16756.072266
576,-149652.000000,-16523.566406
577,-149695.156250,-16529.755859
578,-149841.296875,-16492.990234
579,-150020.906250,-16493.824219
580,-149868.984375,-16475.628906
581,-149803.750000,-16671.228516
582,-149833.812500,-16658.320312
583,-149880.796875,-16391.355469
584,-149901.906250,-16368.736328
585,-149967.093750,-16365.870117
586,-149988.968750,-16409.007812
587,-150136.781250,-16425.603516
588,-150066.109375,-16402.382812
589,-149996.437500,-16323.612305
590,-149945.265625,-16451.236328
591,-150013.984375,-16423.691406
592,-150029.218750,-16532.445312
593,-150055.046875,-16527.962891
594,-149990.671875,-16521.839844
595,-150115.671875,-16555.880859
596,-150181.437500,-16605.222656
597,-150198.468750,-16426.578125
598,-150209.531250,-16725.996094
599,-150189.093750,-16605.921875
600,-150115.953125,-16661.539062
601,-150200.093750,-16601.841797
602,-150114.843750,-16568.083984
603,-150113.703125,-16605.224609
604,-150122.750000,-16599.029297
605,-150130.531250,-16590.460938
606,-150201.906250,-16575.205078
607,-150212.890625,-16544.675781
608,-150266.671875,-16612.466797
609,-150304.843750,-16603.773438
610,-150234.656250,-16534.140625
611,-150329.953125,-16548.210938
612,-150285.765625,-16579.562500
613,-150238.515625,-16542.117188
614,-150360.796875,-16555.710938
615,-150354.734375,-16488.689453
616,-150371.312500,-16391.960938
617,-150452.218750,-16335.947266
618,-150502.843750,-16313.015625
619,-150544.390625,-16318.728516
620,-150591.000000,-16529.863281
621,-150516.359375,-16516.421875
622,-150610.953125,-16346.594727
623,-150469.484375,-16399.269531
624,-150492.531250,-16381.920898
625,-150626.390625,-16535.361328
626,-150693.000000,-16830.501953
627,-150663.828125,-16865.603516
628,-150693.765625,-16845.818359
629,-150700.796875,-16868.265625
630,-150627.078125,-16763.527344
631,-150788.125000,-16685.779297
632,-150745.937500,-16866.894531
633,-150725.015625,-17351.494141
634,-150758.578125,-17384.529297
635,-150931.437500,-17453.650391
636,-150956.406250,-17451.308594
637,-151051.812500,-17378.642578
638,-151067.156250,-17521.724609
639,-151199.718750,-17530.826172
640,-151274.015625,-17562.310547
641,-151275.468750,-17495.533203
642,-151324.140625,-17460.777344
643,-151486.812500,-17428.703125
644,-151482.843750,-17319.478516
645,-151498.390625,-17635.927734
646,-151561.906250,-17555.726562
647,-151785.000000,-17699.910156
648,-151886.593750,-17573.158203
649,-151673.984375,-17797.890625
650,-151789.796875,-17958.341797
651,-151768.250000,-18037.683594
652,-151683.546875,-18096.845703
653,-151618.109375,-18064.531250
654,-151596.781250,-18146.869141
655,-151585.546875,-17946.283203
656,-151545.093750,-18255.087891
657,-151360.265625,-18234.400391
658,-151438.359375,-18349.222656
659,-151366.125000,-18304.970703
660,-151426.156250,-18371.000000
661,-151355.359375,-18315.476562
662,-151308.281250,-18293.480469
663,-151146.593750,-18474.591797
664,-151049.500000,-18434.140625
665,-151151.281250,-18410.976562
666,-151162.093750,-18407.367188
667,-151146.265625,-18411.179688
668,-151181.687500,-18333.873047
669,-151141.640625,-18410.789062
670,-151141.093750,-18424.458984
671,-151219.218750,-18413.443359
672,-151241.828125,-18313.839844
673,-151089.593750,-18262.757812
674,-151181.218750,-18226.556641
675,-151161.968750,-18294.322266
676,-151180.484375,-18248.488281
677,-151196.781250,-18337.900391
678,-151158.093750,-18252.835938
679,-151199.312500,-18178.572266
680,-151164.531250,-18378.386719
681,-151133.062500,-18399.410156
682,-151209.468750,-18263.552734
683,-151214.453125,-18305.091797
684,-151145.656250,-18190.826172
685,-151226.750000,-18179.951172
686,-151293.093750,-18131.593750
687,-151246.843750,-17851.726562
688,-151173.187500,-17868.130859
689,-151123.500000,-17909.593750
690,-151136.906250,-17925.468750
691,-151169.562500,-17969.833984
692,-151238.859375,-18029.402344
693,-151202.156250,-17988.761719
694,-151151.593750,-17932.441406
695,-151141.937500,-17958.255859
696,-150948.421875,-17754.019531
697,-151012.156250,-17934.228516
698,-150956.156250,-17925.238281
699,-150976.234375,-18140.417969
700,-150958.203125,-18154.027344
701,-151017.156250,-18191.800781
702,-150898.062500,-18181.060547
703,-150934.593750,-17958.470703
704,-150896.281250,-17961.136719
705,-150730.468750,-18386.550781
706,-150653.718750,-18181.050781
707,-150520.906250,-18289.912109
708,-150582.328125,-18045.603516
709,-150575.140625,-18004.587891
710,-150537.906250,-17738.939453
711,-150514.718750,-17731.775391
712,-150700.984375,-17721.146484
713,-150790.031250,-17519.990234
714,-150797.281250,-17383.156250
715,-150689.718750,-17301.697266
716,-150696.656250,-17285.285156
717,-150510.187500,-17279.115234
718,-150495.953125,-17244.232422
719,-150425.859375,-17346.568359
720,-150575.921875,-17538.876953
721,-150522.390625,-17492.287109
722,-150447.953125,-17515.871094
723,-150460.656250,-17573.750000
724,-150403.328125,-17594.876953
725,-150288.015625,-17535.742188
726,-150142.234375,-17214.222656
727,-150122.250000,-17852.798828
728,-150059.078125,-17511.949219
729,-150125.375000,-17459.546875
730,-150014.500000,-17438.525391
731,-150161.312500,-17532.242188
732,-150237.781250,-17743.552734
733,-150280.828125,-17671.205078
734,-150299.203125,-17775.578125
735,-150233.828125,-18445.482422
736,-150249.703125,-18492.654297
737,-150390.718750,-18530.492188
738,-150472.171875,-18534.820312
739,-150515.484375,-18526.189453
740,-150476.265625,-18493.851562
741,-150685.984375,-19334.523438
742,-150767.156250,-19642.554688
743,-150862.015625,-19689.568359
744,-150896.437500,-19501.861328
745,-151023.468750,-19382.507812
746,-151052.500000,-19569.408203
747,-151067.609375,-19573.521484
748,-151023.218750,-19682.882812
749,-151109.171875,-19796.076172
750,-151154.031250,-19769.406250
751,-151197.328125,-19761.703125
752,-151224.125000,-18609.513672
753,-151361.078125,-19629.128906
754,-151339.265625,-19547.615234
755,-151297.578125,-19528.699219
756,-151441.406250,-19615.416016
757,-151516.031250,-19669.554688
758,-151399.984375,-19857.556641
759,-151292.703125,-20226.869141
760,-151342.718750,-20323.115234
761,-151231.546875,-19785.042969
762,-151229.515625,-19731.941406
763,-151157.593750,-19733.042969
764,-151273.625000,-19772.859375
765,-151310.593750,-20322.625000
766,-151229.562500,-20286.322266
767,-151105.156250,-20260.414062
768,-151012.203125,-20277.539062
769,-151014.015625,-20325.070312
770,-151004.109375,-20212.599609
771,-151034.375000,-20019.189453
772,-151134.078125,-19749.353516
773,-151117.218750,-19961.042969
774,-151303.156250,-19899.197266
775,-151252.765625,-19933.224609
776,-151311.937500,-19841.101562
777,-151460.375000,-19837.609375
778,-151539.906250,-19796.484375
779,-151634.125000,-19875.734375
780,-151663.953125,-20051.595703
781,-151519.250000,-20312.730469
782,-151443.421875,-20349.662109
783,-151394.218750,-20382.865234
784,-151403.781250,-20380.562500
785,-151413.859375,-20373.154297
786,-151400.296875,-20352.792969
787,-151330.656250,-20216.791016
788,-151158.593750,-20191.103516
789,-151242.593750,-20088.154297
790,-151199.609375,-20039.369141
791,-151223.718750,-19970.041016
792,-151311.265625,-20919.052734
793,-151366.015625,-21292.146484
794,-151292.781250,-21276.025391
795,-151428.093750,-21284.671875
796,-151376.453125,-21139.562500
797,-151371.078125,-21432.332031
798,-151416.796875,-21472.185547
799,-151447.406250,-21428.509766
800,-151581.156250,-21419.488281
801,-151670.640625,-22244.167969
802,-151865.234375,-22751.533203
803,-151769.093750,-22686.482422
804,-151908.609375,-22743.257812
805,-151892.921875,-22640.812500
806,-151961.406250,-22680.009766
807,-151920.031250,-22666.345703
808,-151900.609375,-22249.869141
809,-151835.093750,-22702.832031
810,-151775.781250,-22987.583984
811,-151730.984375,-22940.160156
812,-151703.218750,-22876.644531
813,-151585.515625,-22885.787109
814,-151662.093750,-22897.488281
815,-151607.859375,-22880.089844
816,-151518.343750,-22540.488281
817,-151492.109375,-23110.976562
818,-151431.312500,-23033.716797
819,-151373.531250,-22953.566406
820,-151384.968750,-22929.298828
821,-151479.578125,-22847.876953
822,-151492.437500,-23055.052734
823,-151617.109375,-23147.857422
824,-151586.406250,-23189.949219
825,-151540.390625,-23793.312500
826,-151523.140625,-23762.138672
827,-151578.265625,-23735.435547
828,-151562.812500,-23529.496094
829,-151711.656250,-23631.994141
830,-151707.421875,-23517.468750
831,-151691.359375,-23535.423828
832,-151756.093750,-23519.375000
833,-151739.343750,-23478.185547
834,-151737.343750,-23547.792969
835,-151697.046875,-23910.570312
836,-151754.906250,-24032.931641
837,-151682.390625,-24052.105469
838,-151517.750000,-24096.433594
839,-151412.265625,-24312.867188
840,-151469.921875,-24211.181641
841,-151606.968750,-24270.382812
842,-151590.921875,-24031.525391
843,-151581.437500,-23941.328125
844,-151656.546875,-24153.408203
845,-151668.250000,-24078.376953
846,-151701.703125,-24657.810547
847,-151535.453125,-24653.033203
848,-151470.906250,-24334.638672
849,-151547.734375,-24449.083984
850,-151483.468750,-24070.931641
851,-151541.671875,-24094.628906
852,-151531.328125,-24125.537109
853,-151627.953125,-24157.017578
854,-151721.828125,-24428.904297
855,-151695.906250,-24395.064453
856,-151613.125000,-24298.419922
857,-151625.390625,-24157.914062
858,-151610.968750,-24334.882812
859,-151715.734375,-24389.072266
860,-151836.140625,-24401.712891
861,-151768.078125,-24387.683594
862,-151666.156250,-24260.722656
863,-151741.234375,-24078.998047
864,-151799.156250,-24232.187500
865,-151719.531250,-24106.205078
866,-151737.296875,-24215.634766
867,-151556.906250,-24237.031250
868,-151473.156250,-24130.992188
869,-151528.609375,-24291.941406
870,-151644.656250,-24264.628906
871,-151408.125000,-24032.697266
872,-151354.500000,-24287.320312
873,-151359.640625,-24117.849609
874,-151325.828125,-24159.558594
875,-151326.734375,-23876.556641
876,-151260.812500,-23904.066406
877,-151132.093750,-23707.541016
878,-151237.906250,-23810.353516
879,-151308.781250,-23723.326172
880,-151416.484375,-23419.320312
881,-151387.406250,-23413.095703
882,-151347.125000,-23323.748047
883,-151285.656250,-23443.314453
884,-151357.781250,-23797.607422
885,-151366.640625,-23745.982422
886,-151284.828125,-23477.312500
887,-151291.843750,-23767.847656
888,-151147.593750,-23098.585938
889,-151148.343750,-23725.056641
890,-151194.031250,-23732.419922
891,-151289.390625,-23538.587891
892,-151311.734375,-23903.109375
893,-151260.593750,-23829.113281
894,-151236.468750,-23689.757812
895,-151206.031250,-23795.119141
896,-151166.953125,-23809.103516
897,-151210.781250,-24014.597656
898,-151238.031250,-24009.095703
899,-151333.234375,-23936.277344
900,-151390.562500,-23939.990234
901,-151373.968750,-23882.371094
902,-151358.328125,-23708.056641
903,-151144.828125,-23676.707031
904,-151011.828125,-23622.431641
905,-150869.468750,-23169.796875
906,-150960.718750,-23656.732422
907,-151014.328125,-23855.744141
908,-150895.531250,-23862.689453
909,-150855.968750,-23649.556641
910,-150947.234375,-23619.681641
911,-150844.468750,-23601.486328
912,-151005.000000,-23591.833984
913,-150955.906250,-23579.683594
914,-151043.468750,-23783.513672
915,-150913.281250,-23801.708984
916,-151012.828125,-23820.640625
917,-151114.125000,-23829.417969
918,-151067.640625,-23909.779297
919,-150975.000000,-23343.117188
920,-150970.234375,-23455.484375
921,-151058.046875,-23539.865234
922,-150916.812500,-23505.416016
923,-151061.593750,-23563.833984
924,-151199.187500,-23656.373047
925,-151091.093750,-23718.712891
926,-150951.671875,-23766.794922
927,-150978.406250,-24060.978516
928,-150858.515625,-24028.810547
929,-150872.906250,-24005.992188
930,-150982.687500,-23978.835938
931,-150963.656250,-24075.816406
932,-150889.218750,-24044.658203
933,-151036.656250,-24042.902344
934,-151124.156250,-23975.599609
935,-151098.734375,-24240.335938
936,-151190.109375,-24410.675781
937,-151261.843750,-24532.445312
938,-151403.718750,-24714.246094
939,-151352.890625,-24704.722656
940,-151266.437500,-24817.593750
941,-151281.390625,-24644.343750
942,-151269.578125,-25043.189453
943,-151275.468750,-25271.472656
944,-151229.343750,-25355.771484
945,-151171.921875,-25407.000000
946,-151041.718750,-25434.271484
947,-151008.968750,-25440.599609
948,-150971.640625,-25417.857422
949,-150920.171875,-25169.460938
950,-150813.953125,-24878.976562
951,-150822.515625,-24941.917969
952,-150839.625000,-24919.744141
953,-150739.343750,-24851.757812
954,-150793.718750,-24917.568359
955,-150750.156250,-24911.757812
956,-150644.796875,-24865.978516
957,-150780.968750,-24801.179688
958,-150740.250000,-24716.802734
959,-150766.093750,-24735.324219
960,-150770.812500,-24742.195312
961,-150755.984375,-24762.056641
962,-150725.546875,-24883.855469
963,-150781.281250,-24782.867188
964,-150697.000000,-24812.876953
965,-150814.281250,-24698.992188
966,-150831.718750,-24640.033203
967,-150866.375000,-24576.429688
968,-150914.562500,-24506.537109
969,-150886.031250,-24421.402344
970,-150900.234375,-24488.732422
971,-150975.796875,-24468.609375
972,-151053.140625,-24435.630859
973,-151151.015625,-25172.103516
974,-151080.593750,-25248.101562
975,-151102.937500,-25170.365234
976,-151083.093750,-25202.072266
977,-151162.343750,-25268.125000
978,-151150.812500,-25310.703125
979,-151174.343750,-25262.958984
980,-151260.468750,-25373.912109
981,-151225.031250,-25485.138672
982,-151221.734375,-25477.115234
983,-151072.156250,-25408.505859
984,-151019.156250,-25465.484375
985,-150993.953125,-25480.433594
986,-150959.109375,-25445.316406
987,-151071.187500,-25453.050781
988,-151173.843750,-25420.886719
989,-151189.812500,-25323.949219
990,-151122.140625,-25298.312500
991,-151137.468750,-25312.287109
992,-151152.718750,-25414.300781
993,-151156.531250,-25433.099609
994,-151145.093750,-25763.380859
995,-151223.343750,-25640.505859
996,-151280.109375,-25574.853516
997,-151397.031250,-25603.375000
998,-151531.718750,-25204.765625
999,-151615.843750,-25489.416016
1000,-151663.359375,-25583.509766
1001,-151577.046875,-25557.439453
1002,-151497.937500,-25016.142578
1003,-151434.656250,-25488.630859
1004,-151471.031250,-25479.447266
1005,-151469.437500,-25485.486328
1006,-151517.000000,-25478.900391
1007,-151631.843750,-25539.673828
1008,-151702.046875,-25559.919922
1009,-151795.218750,-25589.689453
1010,-151931.656250,-25948.521484
1011,-151810.000000,-25430.912109
1012,-151793.437500,-25796.738281
1013,-151686.343750,-25683.140625
1014,-151687.312500,-25653.431641
1015,-151667.281250,-25311.494141
1016,-151628.328125,-25681.375000
1017,-151568.687500,-25542.318359
1018,-151572.718750,-25547.634766
1019,-151548.453125,-25542.646484
1020,-151516.906250,-25339.935547
1021,-151685.921875,-25300.371094
1022,-151595.921875,-25094.902344
1023,-151530.859375,-25444.060547
1024,-151476.515625,-25383.064453
1025,-151539.906250,-25145.050781
1026,-151847.093750,-25106.845703
1027,-151725.843750,-24683.453125
1028,-151639.406250,-24720.093750
1029,-151606.640625,-24395.265625
1030,-151506.093750,-24357.132812
1031,-151425.359375,-24429.699219
1032,-151278.234375,-24221.462891
1033,-151281.843750,-24363.033203
1034,-151263.421875,-24387.369141
1035,-151209.578125,-24430.994141
1036,-151149.546875,-24412.798828
1037,-151312.562500,-24400.121094
1038,-151221.031250,-24359.966797
1039,-151166.656250,-24348.896484
1040,-151167.750000,-24276.031250
1041,-151263.500000,-24363.820312
1042,-151413.953125,-24432.033203
1043,-151394.843750,-24500.845703
1044,-151486.281250,-24590.666016
1045,-151614.140625,-24634.314453
1046,-151535.359375,-24470.228516
1047,-151642.421875,-24390.324219
1048,-151575.781250,-24402.314453
1049,-151578.031250,-24572.347656
1050,-151509.062500,-24114.277344
1051,-151526.875000,-25143.271484
1052,-151505.203125,-25124.179688
1053,-151387.968750,-25017.933594
1054,-151415.937500,-25016.783203
1055,-151530.890625,-24998.082031
1056,-151376.671875,-25007.740234
1057,-151310.781250,-23715.919922
1058,-151288.156250,-24494.732422
1059,-151363.406250,-24853.720703
1060,-151362.406250,-25490.943359
1061,-151392.937500,-25564.515625
1062,-151364.343750,-25603.296875
1063,-151390.156250,-25582.558594
1064,-151432.546875,-25694.529297
1065,-151574.843750,-25720.892578
1066,-151606.671875,-25863.287109
1067,-151767.734375,-25750.324219
1068,-151729.093750,-25861.812500
1069,-151843.046875,-26125.478516
1070,-151808.265625,-26047.539062
1071,-151754.718750,-25850.306641
1072,-151732.953125,-26069.984375
1073,-151742.968750,-26148.685547
1074,-151804.500000,-26163.921875
1075,-151844.843750,-26271.849609
1076,-151809.937500,-26464.380859
1077,-151873.265625,-26388.193359
1078,-152006.984375,-26372.886719
1079,-152050.953125,-26324.982422
1080,-152014.281250,-26490.181641
1081,-152111.437500,-26476.001953
1082,-152160.000000,-26510.447266
1083,-152119.343750,-26484.121094
1084,-152206.875000,-26489.759766
1085,-152097.093750,-26589.726562
1086,-152041.531250,-26563.568359
1087,-152017.921875,-26547.876953
1088,-152039.406250,-26589.019531
1089,-152141.125000,-26370.617188
1090,-152223.203125,-26570.437500
1091,-152317.062500,-25950.919922
1092,-152206.062500,-26213.970703
1093,-152207.656250,-26549.341797
1094,-152242.484375,-26563.349609
1095,-152326.109375,-26539.486328
1096,-152258.031250,-26502.119141
1097,-152282.625000,-26776.003906
1098,-152255.203125,-26742.392578
1099,-152170.984375,-26881.486328
1100,-152167.203125,-26854.333984
1101,-152021.500000,-26928.537109
1102,-152100.578125,-26936.734375
1103,-151946.640625,-27059.826172
1104,-151956.062500,-26942.740234
1105,-151948.406250,-26931.117188
1106,-151783.750000,-26654.837891
1107,-151705.453125,-27041.037109
1108,-151693.328125,-26324.117188
1109,-151812.125000,-26999.087891
1110,-151733.609375,-27062.070312
1111,-151693.156250,-27053.769531
1112,-151700.953125,-27043.748047
1113,-151742.109375,-27006.947266
1114,-151796.906250,-26957.812500
1115,-151886.796875,-26945.371094
1116,-151800.046875,-26984.042969
1117,-151854.546875,-27057.285156
1118,-151790.531250,-26929.660156
1119,-151878.734375,-27063.570312
1120,-151976.078125,-27076.230469
1121,-152102.671875,-27062.574219
1122,-152041.968750,-27154.423828
1123,-151973.984375,-27169.500000
1124,-151894.390625,-27116.283203
1125,-151950.656250,-27223.181641
1126,-152049.156250,-27265.210938
1127,-152095.578125,-27503.617188
1128,-152193.312500,-27541.585938
1129,-152299.359375,-27671.796875
1130,-152384.015625,-27629.697266
1131,-152202.343750,-27599.427734
1132,-152348.093750,-27493.949219
1133,-152162.578125,-27565.414062
1134,-152144.656250,-27575.896484
1135,-152184.859375,-27761.070312
1136,-152032.921875,-27623.642578
1137,-151910.968750,-27154.828125
1138,-151786.218750,-27513.871094
1139,-151971.234375,-27662.576172
1140,-151987.593750,-27736.238281
1141,-152088.781250,-27698.214844
1142,-151994.046875,-27694.480469
1143,-152030.562500,-27688.703125
1144,-152007.250000,-27765.716797
1145,-152079.984375,-27767.867188
1146,-152169.750000,-27944.234375
1147,-152023.718750,-28020.841797
1148,-152015.718750,-27978.130859
1149,-152056.968750,-27886.537109
1150,-151874.281250,-27939.537109
1151,-151865.406250,-27928.593750
1152,-151906.656250,-27571.695312
1153,-152040.218750,-27869.845703
1154,-151914.843750,-28211.707031
1155,-151858.484375,-28195.347656
1156,-151985.515625,-28205.376953
1157,-151840.406250,-28216.849609
1158,-151867.312500,-28259.101562
1159,-151864.187500,-28289.546875
1160,-151944.812500,-28472.486328
1161,-151975.484375,-28538.488281
1162,-151949.578125,-28432.964844
1163,-151979.984375,-28429.220703
1164,-152036.875000,-28329.017578
1165,-151995.609375,-28173.296875
1166,-152023.484375,-28401.279297
1167,-152087.359375,-28306.791016
1168,-152120.125000,-28283.892578
1169,-152101.765625,-28240.972656
1170,-152100.718750,-28233.923828
1171,-152177.359375,-28692.126953
1172,-152313.421875,-28919.240234
1173,-152261.343750,-28998.884766
1174,-152424.156250,-28987.013672
1175,-152497.265625,-28970.572266
1176,-152461.500000,-28909.912109
1177,-152378.296875,-28972.931641
1178,-152417.203125,-28675.892578
1179,-152390.656250,-28626.222656
1180,-152523.593750,-28290.357422
1181,-152466.109375,-28288.226562
1182,-152509.140625,-28218.044922
1183,-152479.281250,-28069.699219
1184,-152388.937500,-28103.064453
1185,-152445.359375,-28170.912109
1186,-152374.203125,-28178.154297
1187,-152396.265625,-28066.761719
1188,-152393.484375,-28039.671875
1189,-152411.156250,-28077.619141
1190,-152325.546875,-28128.802734
1191,-152273.218750,-27794.615234
1192,-152286.421875,-28200.308594
1193,-152337.781250,-28407.687500
1194,-152153.406250,-28394.955078
1195,-152281.218750,-28399.103516
1196,-152229.640625,-28288.271484
1197,-152278.265625,-28030.746094
1198,-152361.734375,-28128.855469
1199,-152208.109375,-27967.591797
1200,-151948.812500,-27954.328125
1201,-151880.750000,-27947.781250
1202,-151902.390625,-27913.472656
1203,-152084.671875,-27967.625000
1204,-151973.171875,-27988.279297
1205,-151913.671875,-28019.757812
1206,-151939.859375,-28100.072266
1207,-151849.406250,-28132.464844
1208,-151960.750000,-28080.496094
1209,-151845.406250,-28071.876953
1210,-151886.656250,-28204.667969
1211,-151720.406250,-27977.771484
1212,-151725.093750,-27948.816406
1213,-151772.843750,-27631.781250
1214,-151742.093750,-27697.119141
1215,-151779.031250,-27612.544922
1216,-151877.968750,-27442.910156
1217,-151907.671875,-27801.765625
1218,-151923.625000,-27864.994141
1219,-152129.625000,-27829.335938
1220,-152203.062500,-27672.128906
1221,-152045.093750,-27609.875000
1222,-151953.843750,-27467.136719
1223,-151947.515625,-27450.500000
1224,-151791.781250,-27440.312500
1225,-151930.140625,-27368.480469
1226,-151904.515625,-27594.351562
1227,-151954.156250,-27579.021484
1228,-151807.515625,-27496.791016
1229,-151764.390625,-27578.843750
1230,-151973.968750,-27566.169922
1231,-152015.343750,-27479.638672
1232,-152026.468750,-27980.962891
1233,-151909.796875,-28146.804688
1234,-151963.656250,-28164.937500
1235,-151969.343750,-28208.451172
1236,-151901.265625,-28131.201172
1237,-151755.203125,-28139.667969
1238,-151782.406250,-28034.087891
1239,-151734.843750,-28365.876953
1240,-151789.453125,-28407.875000
1241,-151690.890625,-28395.142578
1242,-151620.250000,-28401.677734
1243,-151610.500000,-28462.466797
1244,-151589.984375,-28474.023438
1245,-151640.125000,-28415.591797
1246,-151781.812500,-28483.492188
1247,-151765.015625,-28449.699219
1248,-151883.734375,-28324.541016
1249,-151827.359375,-28336.341797
1250,-151656.218750,-28334.730469
1251,-151672.640625,-28479.134766
1252,-151621.515625,-28529.023438
1253,-151641.671875,-28390.861328
1254,-151726.156250,-28311.294922
1255,-151705.921875,-27976.542969
1256,-151608.375000,-27619.396484
1257,-151420.968750,-27585.636719
1258,-151412.687500,-27608.804688
1259,-151522.156250,-27531.017578
1260,-151640.968750,-27543.728516
1261,-151592.609375,-27556.779297
1262,-151583.656250,-27342.308594
1263,-151541.625000,-27401.433594
1264,-151490.218750,-27143.867188
1265,-151521.000000,-27143.675781
1266,-151634.437500,-27168.904297
1267,-151756.968750,-27068.470703
1268,-151719.687500,-27043.498047
1269,-151704.093750,-27008.546875
1270,-151791.156250,-27461.466797
1271,-151678.343750,-27532.285156
1272,-151578.796875,-27469.664062
1273,-151723.234375,-27534.365234
1274,-151704.875000,-27494.351562
1275,-151781.171875,-27519.191406
1276,-151688.890625,-27480.849609
1277,-151922.828125,-28152.072266
1278,-151941.343750,-28155.806641
1279,-151912.843750,-28457.197266
1280,-151883.875000,-28531.894531
1281,-151890.921875,-28518.968750
1282,-151941.328125,-28524.814453
1283,-151897.718750,-28415.390625
1284,-151859.531250,-28541.191406
1285,-151975.906250,-28549.833984
1286,-151845.093750,-28513.242188
1287,-151930.875000,-28443.005859
1288,-151991.125000,-28558.625000
1289,-151934.093750,-28575.292969
1290,-151920.484375,-28594.527344
1291,-151801.406250,-28249.693359
1292,-151930.359375,-28167.070312
1293,-151874.015625,-28171.931641
1294,-151843.750000,-28111.638672
1295,-151883.671875,-28043.681641
1296,-151855.843750,-28098.148438
1297,-151879.156250,-28098.201172
1298,-151935.062500,-28062.339844
1299,-151868.890625,-28039.765625
1300,-151805.406250,-27963.085938
1301,-151863.671875,-27829.255859
1302,-151942.593750,-27912.486328
1303,-152015.218750,-27913.410156
1304,-152045.187500,-27928.957031
1305,-152016.546875,-27804.556641
1306,-152231.203125,-27776.533203
1307,-152229.031250,-27810.794922
1308,-152155.406250,-27047.416016
1309,-152088.437500,-27027.935547
1310,-152096.343750,-27045.453125
1311,-152203.046875,-27277.847656
1312,-152350.343750,-27150.054688
1313,-152237.718750,-27196.398438
1314,-152360.281250,-27142.232422
1315,-152269.656250,-27227.990234
1316,-152278.453125,-27391.111328
1317,-152357.078125,-27466.757812
1318,-152406.453125,-27448.324219
1319,-152466.046875,-27551.150391
1320,-152372.812500,-27404.199219
1321,-152351.531250,-27520.554688
1322,-152360.343750,-27186.787109
1323,-152358.421875,-27364.466797
1324,-152391.859375,-27064.376953
1325,-152393.000000,-26927.517578
1326,-152277.781250,-27073.300781
1327,-152147.031250,-27056.035156
1328,-152089.671875,-26876.689453
1329,-152047.109375,-26887.488281
1330,-152282.984375,-26801.699219
1331,-152338.953125,-27171.091797
1332,-152282.750000,-27205.310547
1333,-152405.781250,-27458.357422
1334,-152426.687500,-27380.193359
1335,-152540.765625,-27371.183594
1336,-152601.484375,-27215.302734
1337,-152726.281250,-27032.367188
1338,-152750.812500,-26971.107422
1339,-152664.343750,-27016.730469
1340,-152765.093750,-26812.916016
1341,-152837.406250,-26759.326172
1342,-152826.968750,-26789.642578
1343,-152841.218750,-26702.507812
1344,-152829.156250,-26769.503906
1345,-152774.843750,-26864.187500
1346,-152926.250000,-26940.878906
1347,-152919.531250,-26947.121094
1348,-152969.968750,-26938.214844
1349,-152964.312500,-26930.019531
1350,-153067.062500,-26850.984375
1351,-153146.593750,-26800.101562
1352,-153101.781250,-26786.238281
1353,-152992.187500,-26925.828125
1354,-153255.875000,-26869.675781
1355,-153155.593750,-27068.611328
1356,-152992.593750,-27055.300781
1357,-153081.718750,-27029.908203
1358,-153074.843750,-26888.400391
1359,-153071.468750,-27044.921875
1360,-152983.390625,-27073.804688
1361,-152944.656250,-26896.820312
1362,-152986.218750,-27058.109375
1363,-153008.343750,-27122.791016
1364,-152880.156250,-27152.281250
1365,-152955.406250,-27256.197266
1366,-152983.843750,-26851.326172
1367,-152869.078125,-27182.904297
1368,-152765.531250,-27164.537109
1369,-152778.718750,-27144.242188
1370,-152705.765625,-27150.042969
1371,-152603.671875,-27300.689453
1372,-152523.500000,-27345.121094
1373,-152429.281250,-27238.025391
1374,-152482.875000,-27242.253906
1375,-152624.156250,-27173.085938
1376,-152874.421875,-27027.470703
1377,-152944.109375,-27025.419922
1378,-152776.953125,-27028.849609
1379,-152701.656250,-27166.027344
1380,-152578.296875,-27143.341797
1381,-152798.953125,-27130.472656
1382,-152720.843750,-27349.730469
1383,-152743.234375,-27273.232422
1384,-152887.218750,-27273.109375
1385,-152843.171875,-27121.671875
1386,-152838.421875,-27093.386719
1387,-152873.625000,-27069.121094
1388,-152904.093750,-27016.425781
1389,-153019.390625,-27198.001953
1390,-153328.703125,-27162.332031
1391,-153235.640625,-27243.667969
1392,-153198.750000,-27245.080078
1393,-153276.406250,-27418.626953
1394,-153140.109375,-27361.400391
1395,-153198.515625,-27286.500000
1396,-153037.859375,-27052.386719
1397,-153046.375000,-26835.484375
1398,-152944.562500,-26784.273438
1399,-153081.718750,-26736.880859
1400,-153038.125000,-26772.130859
1401,-153087.718750,-26924.457031
1402,-153028.218750,-27037.929688
1403,-153166.984375,-27041.984375
1404,-153292.031250,-26917.019531
1405,-153283.890625,-26810.812500
1406,-153355.187500,-26813.835938
1407,-153454.843750,-26778.605469
1408,-153540.453125,-26932.431641
1409,-153525.187500,-26806.007812
1410,-153666.718750,-26722.283203
1411,-153694.343750,-27071.835938
1412,-153728.640625,-26921.744141
1413,-153732.406250,-26575.197266
1414,-153753.046875,-26535.894531
1415,-153802.375000,-26760.273438
1416,-153847.218750,-26560.138672
1417,-153919.781250,-26325.203125
1418,-153714.968750,-26319.564453
1419,-153654.750000,-26445.392578
1420,-153290.078125,-26384.689453
1421,-153146.468750,-26465.660156
1422,-152972.250000,-26397.488281
1423,-153022.984375,-26444.841797
1424,-152857.031250,-26352.468750
1425,-152914.140625,-26368.968750
1426,-152896.531250,-26317.677734
1427,-152821.203125,-26294.455078
1428,-152775.468750,-26368.988281
1429,-152767.406250,-26467.683594
1430,-152742.640625,-26215.638672
1431,-152577.656250,-26226.523438
1432,-152742.921875,-26009.455078
1433,-152691.125000,-26031.771484
1434,-152839.468750,-26503.228516
1435,-152842.593750,-26381.082031
1436,-152917.140625,-26583.933594
1437,-152978.765625,-26651.691406
1438,-153006.171875,-26663.583984
1439,-152926.703125,-26616.353516
1440,-152948.796875,-26465.591797
1441,-152910.046875,-26506.835938
1442,-152835.343750,-26446.992188
1443,-152847.734375,-26452.498047
1444,-152884.781250,-25365.886719
1445,-152834.781250,-25388.896484
1446,-152847.515625,-25422.626953
1447,-152935.890625,-25355.183594
1448,-152986.609375,-25230.753906
1449,-153003.531250,-24872.511719
1450,-153019.265625,-24876.302734
1451,-152901.890625,-24789.322266
1452,-152940.000000,-24833.812500
1453,-152843.750000,-25119.257812
1454,-152927.281250,-25088.632812
1455,-153080.593750,-25136.609375
1456,-153183.468750,-25067.251953
1457,-153193.953125,-25066.869141
1458,-153338.906250,-25124.253906
1459,-153218.031250,-25258.865234
1460,-153208.593750,-25037.892578
1461,-153252.281250,-25272.671875
1462,-153274.843750,-25051.730469
1463,-153121.437500,-25353.636719
1464,-153109.078125,-25069.634766
1465,-153090.718750,-25641.332031
1466,-153122.531250,-25779.632812
1467,-153092.453125,-25782.064453
1468,-153032.953125,-25740.150391
1469,-152947.468750,-25283.687500
1470,-152973.312500,-25252.970703
1471,-152932.781250,-25074.488281
1472,-152833.765625,-25043.044922
1473,-152831.890625,-24982.785156
1474,-152705.703125,-25044.888672
1475,-152800.468750,-25269.351562
1476,-152843.515625,-25145.953125
1477,-152763.125000,-25399.392578
1478,-152820.609375,-25498.306641
1479,-152849.000000,-25688.345703
1480,-152957.781250,-25528.810547
1481,-153075.515625,-25703.841797
1482,-153035.562500,-25668.234375
1483,-152888.156250,-25577.246094
1484,-152912.656250,-25642.679688
1485,-153024.484375,-25669.484375
1486,-152995.906250,-25814.351562
1487,-152921.453125,-25712.285156
1488,-153140.734375,-26023.025391
1489,-153092.703125,-26058.458984
1490,-152966.906250,-26003.261719
1491,-153053.343750,-26117.576172
1492,-153032.156250,-26100.751953
1493,-152956.671875,-26171.673828
1494,-152830.875000,-26041.386719
1495,-152805.375000,-25952.710938
1496,-152676.593750,-25805.570312
1497,-152662.968750,-25983.632812
1498,-152577.515625,-25969.943359
1499,-152637.468750,-25728.228516
1500,-152717.781250,-26381.679688
1501,-152698.906250,-26279.982422
1502,-152861.234375,-26526.410156
1503,-152868.093750,-26496.347656
1504,-152906.343750,-26532.863281
1505,-152826.656250,-27183.460938
1506,-152810.671875,-27099.429688
1507,-152796.359375,-26037.759766
1508,-152516.375000,-26035.931641
1509,-152621.187500,-26030.808594
1510,-152599.359375,-25995.671875
1511,-152604.218750,-25971.716797
1512,-152469.593750,-26093.318359
1513,-152219.375000,-26098.753906
1514,-152232.578125,-26027.166016
1515,-152399.968750,-26149.683594
1516,-152441.546875,-26992.671875
1517,-152356.000000,-25738.494141
1518,-152320.921875,-25801.220703
1519,-152148.343750,-25744.226562
1520,-152176.843750,-25749.058594
1521,-152315.953125,-25918.185547
1522,-152399.765625,-26150.941406
1523,-152398.234375,-27165.775391
1524,-152361.734375,-26788.783203
1525,-152307.531250,-26659.095703
1526,-152164.859375,-26724.134766
1527,-152300.843750,-26720.869141
1528,-152354.781250,-26725.978516
1529,-152374.156250,-26883.136719
1530,-152426.906250,-26830.064453
1531,-152423.343750,-27002.765625
1532,-152473.656250,-27006.490234
1533,-152518.546875,-27026.515625
1534,-152466.187500,-27097.669922
1535,-152433.281250,-27160.050781
1536,-152558.656250,-27156.238281
1537,-152583.781250,-27210.300781
1538,-152608.406250,-27291.429688
1539,-152596.296875,-27220.291016
1540,-152537.218750,-27341.935547
1541,-152559.609375,-27487.261719
1542,-152446.593750,-28050.492188
1543,-152345.171875,-28153.369141
1544,-152386.562500,-28296.560547
1545,-152411.281250,-28332.603516
1546,-152335.796875,-28420.162109
1547,-152300.093750,-28374.050781
1548,-152298.531250,-28530.671875
1549,-152262.750000,-28602.847656
1550,-152268.718750,-28581.164062
1551,-152273.484375,-28778.443359
1552,-152113.000000,-27587.304688
1553,-151998.406250,-28764.007812
1554,-152088.890625,-28831.695312
1555,-152029.156250,-28765.787109
1556,-152097.421875,-28687.542969
1557,-152044.593750,-28628.710938
1558,-152155.390625,-28759.921875
1559,-152155.890625,-29097.500000
1560,-152123.843750,-28983.257812
1561,-152050.484375,-28855.648438
1562,-152166.406250,-28891.722656
1563,-152088.343750,-28795.574219
1564,-152061.968750,-28215.611328
1565,-152069.171875,-28951.964844
1566,-152012.125000,-28861.808594
1567,-151917.671875,-28871.392578
1568,-151902.968750,-28776.958984
1569,-151795.187500,-28701.984375
1570,-151678.546875,-28574.812500
1571,-151568.968750,-28507.462891
1572,-151572.718750,-28584.470703
1573,-151498.781250,-28548.388672
1574,-151461.796875,-28553.527344
1575,-151553.703125,-28488.742188
1576,-151394.984375,-28269.548828
1577,-151368.937500,-28425.289062
1578,-151456.718750,-28492.929688
1579,-151530.203125,-28565.802734
1580,-151573.843750,-28485.857422
1581,-151552.656250,-28381.392578
1582,-151516.359375,-28464.265625
1583,-151589.203125,-28289.921875
1584,-151484.375000,-28313.941406
1585,-151498.218750,-28263.208984
1586,-151408.265625,-28148.474609
1587,-151385.437500,-28292.414062
1588,-151374.000000,-28302.755859
1589,-151393.234375,-28222.041016
1590,-151439.015625,-27915.994141
1591,-151334.312500,-27676.482422
1592,-151278.171875,-27682.822266
1593,-151269.687500,-27715.630859
1594,-151425.093750,-27657.156250
1595,-151289.171875,-27708.740234
1596,-151285.046875,-27718.726562
1597,-151383.234375,-27741.443359
1598,-151365.218750,-28523.277344
1599,-151290.968750,-28277.785156
1600,-151325.406250,-28284.695312
1601,-151322.703125,-27946.480469
1602,-151467.921875,-28196.849609
1603,-151526.156250,-28117.351562
1604,-151538.156250,-28094.750000
1605,-151446.437500,-28034.384766
1606,-151387.468750,-28107.257812
1607,-151513.656250,-28252.199219
1608,-151445.609375,-28315.824219
1609,-151350.546875,-28040.322266
1610,-151297.015625,-28044.246094
1611,-151292.968750,-27981.785156
1612,-151156.031250,-28057.757812
1613,-151046.890625,-28049.919922
1614,-150987.921875,-28114.664062
1615,-151019.281250,-28272.470703
1616,-151021.890625,-28083.208984
1617,-150877.218750,-28041.390625
1618,-150923.656250,-28038.291016
1619,-150897.156250,-28074.515625
1620,-150887.015625,-27708.949219
1621,-150861.906250,-27686.041016
1622,-150854.656250,-27547.958984
1623,-150850.265625,-27715.816406
1624,-150788.328125,-28182.832031
1625,-150733.718750,-28286.601562
1626,-150670.390625,-28239.941406
1627,-150616.890625,-28226.679688
1628,-150543.656250,-28401.093750
1629,-150543.453125,-28388.623047
1630,-150447.531250,-28052.255859
1631,-150565.203125,-28443.128906
1632,-150652.703125,-28414.025391
1633,-150576.468750,-28531.375000
1634,-150710.906250,-28335.472656
1635,-150664.093750,-28456.207031
1636,-150373.578125,-28333.689453
1637,-150223.843750,-28322.537109
1638,-150251.906250,-28333.101562
1639,-150269.625000,-28476.294922
1640,-150132.093750,-28329.621094
1641,-150099.875000,-27785.181641
1642,-150113.578125,-27773.830078
1643,-150155.125000,-28209.429688
1644,-150115.500000,-28449.945312
1645,-150067.062500,-28408.357422
1646,-150120.531250,-28272.085938
1647,-150181.531250,-28687.164062
1648,-150127.843750,-28070.283203
1649,-150121.640625,-28724.140625
1650,-150208.562500,-28784.007812
1651,-150073.062500,-28036.464844
1652,-150093.203125,-27878.730469
1653,-150050.343750,-27927.562500
1654,-149977.968750,-27885.404297
1655,-149788.234375,-27910.294922
1656,-149735.171875,-27754.537109
1657,-149707.171875,-27367.130859
1658,-149701.968750,-27324.337891
1659,-149793.968750,-27246.953125
1660,-149821.328125,-27347.595703
1661,-149686.640625,-27461.357422
1662,-149809.875000,-27430.267578
1663,-149819.453125,-27393.859375
1664,-149779.343750,-27378.855469
1665,-149717.859375,-27246.226562
1666,-149784.859375,-27357.039062
1667,-149755.546875,-27352.380859
1668,-149774.437500,-27411.847656
1669,-149826.906250,-27279.376953
1670,-149884.437500,-27317.568359
1671,-150079.984375,-27503.525391
1672,-150243.687500,-27485.802734
1673,-150140.062500,-27261.562500
1674,-150056.468750,-27014.505859
1675,-150015.875000,-27221.458984
1676,-150038.171875,-27266.638672
1677,-150043.531250,-27163.322266
1678,-150062.218750,-27020.955078
1679,-150032.968750,-27173.740234
1680,-149856.484375,-27229.904297
1681,-149924.406250,-27153.900391
1682,-149964.468750,-27033.978516
1683,-150017.906250,-26890.287109
1684,-149977.781250,-26772.685547
1685,-150020.515625,-26701.738281
1686,-149995.000000,-26661.341797
1687,-150033.421875,-27287.091797
1688,-150081.296875,-27542.066406
1689,-150112.156250,-27458.193359
1690,-150129.593750,-27508.253906
1691,-150282.406250,-27485.695312
1692,-150192.421875,-27787.494141
1693,-150226.656250,-27782.767578
1694,-150286.265625,-27918.949219
1695,-150306.953125,-27924.935547
1696,-150251.343750,-27989.679688
1697,-150265.671875,-28027.568359
1698,-150029.078125,-28031.601562
1699,-149908.234375,-27970.533203
1700,-149876.015625,-27917.078125
1701,-150024.343750,-27901.460938
1702,-149964.937500,-28064.597656
1703,-150030.031250,-27873.935547
1704,-150017.437500,-27924.201172
1705,-150227.625000,-27919.546875
1706,-150193.781250,-28051.048828
1707,-150297.031250,-28029.357422
1708,-150054.234375,-28007.171875
1709,-150043.375000,-27804.300781
1710,-150077.062500,-27925.074219
1711,-150122.250000,-27730.119141
1712,-150071.515625,-27692.257812
1713,-150150.453125,-27977.748047
1714,-150124.812500,-27957.851562
1715,-150116.500000,-28024.679688
1716,-150018.328125,-27860.011719
1717,-149910.187500,-27876.447266
1718,-149811.156250,-27928.968750
1719,-149835.390625,-28096.041016
1720,-149880.531250,-28062.044922
1721,-149909.703125,-28005.523438
1722,-150172.531250,-28026.605469
1723,-150232.203125,-28003.228516
1724,-150319.593750,-28908.974609
1725,-150353.156250,-29035.267578
1726,-150302.843750,-28685.380859
1727,-150264.218750,-29060.697266
1728,-150307.578125,-29180.806641
1729,-150333.703125,-29199.513672
1730,-150326.250000,-29303.166016
1731,-150442.562500,-29136.998047
1732,-150443.281250,-29243.820312
1733,-150583.515625,-29188.246094
1734,-150527.812500,-29140.228516
1735,-150557.796875,-29273.166016
1736,-150617.093750,-29407.251953
1737,-150634.218750,-29208.023438
1738,-150552.218750,-28971.898438
1739,-150542.703125,-29086.197266
1740,-150565.921875,-29151.927734
1741,-150496.609375,-29142.544922
1742,-150562.515625,-29024.890625
1743,-150442.281250,-29059.300781
1744,-150444.265625,-29287.902344
1745,-150483.093750,-29219.601562
1746,-150394.156250,-29236.685547
1747,-150298.656250,-29516.732422
1748,-150276.812500,-29589.517578
1749,-150548.625000,-29585.351562
1750,-150492.031250,-29434.738281
1751,-150438.031250,-29495.093750
1752,-150616.015625,-29510.673828
1753,-150689.562500,-29550.138672
1754,-150629.625000,-28875.478516
1755,-150723.031250,-29687.978516
1756,-150867.593750,-29697.214844
1757,-150920.359375,-29672.226562
1758,-151046.296875,-30206.968750
1759,-151002.218750,-30166.216797
1760,-150975.671875,-30132.908203
1761,-150895.968750,-30079.769531
1762,-150820.718750,-30362.332031
1763,-150835.953125,-30084.712891
1764,-150899.062500,-30329.041016
1765,-151012.750000,-30312.611328
1766,-150972.468750,-30102.828125
1767,-150837.703125,-29943.949219
1768,-150942.843750,-29853.490234
1769,-150970.796875,-29940.472656
1770,-151050.937500,-29896.791016
1771,-151070.531250,-30161.359375
1772,-151210.984375,-30141.126953
1773,-151268.843750,-30141.830078
1774,-151249.421875,-30413.164062
1775,-151178.343750,-30308.615234
1776,-151234.156250,-30356.324219
1777,-151112.375000,-30289.431641
1778,-151081.406250,-30258.951172
1779,-151021.421875,-30362.884766
1780,-150840.031250,-30248.431641
1781,-150684.906250,-30047.601562
1782,-150799.093750,-29931.371094
1783,-150815.375000,-29962.250000
1784,-150746.156250,-30270.277344
1785,-150654.859375,-30145.517578
1786,-150676.296875,-30265.582031
1787,-150817.984375,-30144.339844
1788,-150805.531250,-30173.839844
1789,-150966.531250,-29706.785156
1790,-151188.421875,-30350.332031
1791,-151187.062500,-30293.630859
1792,-151097.500000,-30190.566406
1793,-150975.796875,-30085.115234
1794,-150934.843750,-30092.757812
1795,-150965.718750,-30114.785156
1796,-150888.437500,-30165.556641
1797,-150831.703125,-30131.554688
1798,-150836.781250,-29899.681641
1799,-150952.656250,-30012.667969
1800,-151013.093750,-30365.119141
1801,-151025.406250,-30379.287109
1802,-151043.078125,-30519.740234
1803,-151024.046875,-30660.927734
1804,-150953.093750,-30657.673828
1805,-151039.171875,-30885.630859
1806,-150961.812500,-30740.900391
1807,-150932.093750,-30812.585938
1808,-150908.343750,-30790.544922
1809,-150920.953125,-30821.677734
1810,-150723.625000,-30767.791016
1811,-150660.109375,-30735.433594
1812,-150488.625000,-30804.492188
1813,-150405.203125,-30714.927734
1814,-150399.062500,-30674.843750
1815,-150318.140625,-31199.730469
1816,-150266.250000,-31160.718750
1817,-150276.359375,-31165.814453
1818,-150243.906250,-30967.007812
1819,-150213.031250,-30992.503906
1820,-150180.375000,-31008.541016
1821,-150311.796875,-31121.140625
1822,-150387.968750,-31157.312500
1823,-150285.781250,-31259.681641
1824,-150329.875000,-31245.365234
1825,-150415.578125,-31255.279297
1826,-150559.578125,-31268.966797
1827,-150554.562500,-31150.968750
1828,-150422.984375,-31218.367188
1829,-150443.875000,-31301.101562
1830,-150523.203125,-31354.406250
1831,-150698.109375,-31280.457031
1832,-150655.031250,-31439.048828
1833,-150582.093750,-31176.435547
1834,-150588.718750,-31141.683594
1835,-150520.468750,-30781.105469
1836,-150601.546875,-30870.939453
1837,-150680.890625,-30822.144531
1838,-150707.203125,-30816.214844
1839,-150695.812500,-30831.974609
1840,-150743.093750,-30688.605469
1841,-150865.765625,-30683.839844
1842,-150780.375000,-30629.111328
1843,-150811.343750,-31081.144531
1844,-150744.718750,-31016.439453
1845,-150837.515625,-31002.556641
1846,-150842.046875,-31008.130859
1847,-150898.406250,-30860.292969
1848,-150971.906250,-30818.181641
1849,-150926.406250,-30803.853516
1850,-150912.828125,-30563.734375
1851,-150919.609375,-30748.835938
1852,-151017.406250,-30810.408203
1853,-150964.187500,-30267.123047
1854,-150824.203125,-30220.925781
1855,-150843.843750,-30160.835938
1856,-150835.843750,-30313.320312
1857,-150784.031250,-30441.365234
1858,-150770.812500,-30242.494141
1859,-150838.453125,-30696.691406
1860,-150843.984375,-30718.367188
1861,-150947.968750,-30575.634766
1862,-151004.890625,-30422.960938
1863,-150975.515625,-30343.011719
1864,-150957.984375,-30341.035156
1865,-150921.828125,-30511.687500
1866,-150888.156250,-30401.585938
1867,-150957.203125,-30639.917969
1868,-150922.984375,-30426.113281
1869,-151035.406250,-30459.095703
1870,-151120.500000,-30150.791016
1871,-151088.093750,-30144.066406
1872,-151145.015625,-30065.287109
1873,-151207.843750,-30364.103516
1874,-151144.843750,-30359.197266
1875,-151118.312500,-30358.113281
1876,-151113.656250,-30184.505859
1877,-151089.468750,-30284.015625
1878,-151115.812500,-30469.216797
1879,-151176.343750,-30279.179688
1880,-150929.656250,-29688.591797
1881,-150942.234375,-30157.117188
1882,-150970.875000,-30158.052734
1883,-150761.031250,-30288.748047
1884,-150729.750000,-29969.083984
1885,-150819.156250,-30050.990234
1886,-150740.781250,-30078.703125
1887,-150797.656250,-30411.453125
1888,-150753.875000,-30376.806641
1889,-150576.093750,-30065.500000
1890,-150441.625000,-30466.226562
1891,-150308.421875,-30454.734375
1892,-150398.843750,-30277.740234
1893,-150341.343750,-30195.382812
1894,-150317.656250,-30102.751953
1895,-150373.734375,-30245.421875
1896,-150507.718750,-30728.666016
1897,-150635.406250,-31215.148438
1898,-150646.265625,-31207.626953
1899,-150653.687500,-31166.537109
1900,-150651.531250,-31236.519531
1901,-150584.140625,-31203.066406
1902,-150689.328125,-31395.546875
1903,-150683.656250,-31207.027344
1904,-150537.281250,-31072.910156
1905,-150490.687500,-31011.441406
1906,-150370.531250,-30962.687500
1907,-150383.968750,-30917.818359
1908,-150302.000000,-30044.871094
1909,-150254.609375,-30018.980469
1910,-150174.203125,-30112.005859
1911,-150233.359375,-30749.796875
1912,-150174.953125,-29851.462891
1913,-150115.468750,-29916.091797
1914,-150058.500000,-29955.302734
1915,-150063.375000,-29839.451172
1916,-150026.500000,-29692.013672
1917,-150028.562500,-29660.777344
1918,-150034.640625,-29715.255859
1919,-150033.765625,-29657.248047
1920,-150073.671875,-29480.289062
1921,-150317.671875,-29431.179688
1922,-150314.750000,-29297.242188
1923,-150284.703125,-29437.318359
1924,-150406.968750,-29154.742188
1925,-150435.625000,-29540.546875
1926,-150388.984375,-29462.457031
1927,-150340.531250,-29464.861328
1928,-150303.843750,-29361.707031
1929,-150325.375000,-29609.220703
1930,-150203.093750,-29499.882812
1931,-150233.218750,-29322.457031
1932,-150321.687500,-29003.650391
1933,-150347.250000,-29212.789062
1934,-150420.625000,-29178.865234
1935,-150377.640625,-29220.714844
1936,-150373.296875,-29148.587891
1937,-150398.625000,-29071.685547
1938,-150423.812500,-29668.000000
1939,-150210.421875,-29688.808594
1940,-150183.187500,-29478.835938
1941,-150190.031250,-29786.300781
1942,-150374.437500,-30032.812500
1943,-150597.640625,-30178.876953
1944,-150479.109375,-30335.976562
1945,-150604.187500,-30392.660156
1946,-150644.328125,-30428.679688
1947,-150748.312500,-30547.615234
1948,-150858.390625,-30416.828125
1949,-150884.609375,-30409.542969
1950,-150918.171875,-30404.066406
1951,-150923.687500,-30707.888672
1952,-151026.843750,-30347.148438
1953,-151095.046875,-30304.882812
1954,-150895.843750,-30329.582031
1955,-150846.953125,-30356.968750
1956,-150778.796875,-30288.892578
1957,-150790.593750,-30318.882812
1958,-150727.453125,-30453.027344
1959,-150744.562500,-30461.976562
1960,-150628.640625,-30440.681641
1961,-150637.281250,-30523.892578
1962,-150638.109375,-30520.970703
1963,-150519.281250,-30565.787109
1964,-150533.218750,-30603.087891
1965,-150396.031250,-30510.822266
1966,-150451.937500,-30591.027344
1967,-150612.390625,-30538.748047
1968,-150517.140625,-30542.582031
1969,-150364.406250,-30652.234375
1970,-150355.765625,-31053.000000
1971,-150266.015625,-30995.353516
1972,-150287.218750,-31009.128906
1973,-150433.765625,-30773.640625
1974,-150291.921875,-30870.150391
1975,-150216.656250,-30625.630859
1976,-150330.781250,-31378.714844
1977,-150373.625000,-31342.964844
1978,-150529.343750,-31167.318359
1979,-150472.531250,-31107.621094
1980,-150435.406250,-31116.656250
1981,-150408.406250,-30821.199219
1982,-150456.859375,-31437.035156
1983,-150387.156250,-31326.976562
1984,-150389.000000,-31528.125000
1985,-150603.281250,-31297.500000
1986,-150468.343750,-31254.351562
1987,-150628.406250,-31242.378906
1988,-150636.578125,-31105.884766
1989,-150689.828125,-31021.917969
1990,-150751.171875,-31000.496094
1991,-150826.906250,-30956.144531
1992,-150985.546875,-31024.529297
1993,-150975.031250,-31144.572266
1994,-151102.906250,-31416.779297
1995,-151409.281250,-31523.531250
1996,-151391.093750,-31017.009766
1997,-151380.281250,-31465.933594
1998,-151397.453125,-30992.537109
1999,-151249.250000,-31007.343750
2000,-151326.718750,-30978.222656
2001,-151539.750000,-30952.490234
2002,-151549.531250,-30940.568359
2003,-151399.718750,-30916.466797
2004,-151316.031250,-30801.623047
2005,-151316.078125,-31366.214844
2006,-151286.218750,-31179.791016
2007,-151333.171875,-31279.179688
2008,-151345.140625,-31836.107422
2009,-151308.546875,-31797.537109
2010,-151206.531250,-31562.363281
2011,-151226.421875,-31484.558594
2012,-151112.703125,-30734.904297
2013,-151096.187500,-31203.906250
2014,-151040.484375,-31109.111328
2015,-150987.187500,-31158.775391
2016,-151089.750000,-31088.552734
2017,-151040.296875,-31086.546875
2018,-151059.468750,-31059.283203
2019,-150892.562500,-31056.816406
2020,-150992.203125,-31088.523438
2021,-150741.421875,-31082.175781
2022,-150760.296875,-31129.423828
2023,-150656.000000,-30885.857422
2024,-150598.906250,-31145.875000
2025,-150684.953125,-30958.662109
2026,-150764.531250,-31089.384766
2027,-150884.109375,-31111.500000
2028,-150995.359375,-30838.644531
2029,-151077.515625,-31240.195312
2030,-151010.734375,-31243.560547
2031,-151213.750000,-31228.751953
2032,-151273.781250,-31129.667969
2033,-151271.187500,-30741.671875
2034,-151174.718750,-30627.242188
2035,-151228.046875,-30711.398438
2036,-151158.859375,-30436.693359
2037,-150968.343750,-30399.484375
2038,-150934.343750,-30494.548828
2039,-150864.437500,-30493.095703
2040,-150777.062500,-30409.984375
2041,-150698.718750,-30294.923828
2042,-150698.718750,-30341.562500
2043,-150734.109375,-30358.464844
2044,-150813.343750,-30085.341797
2045,-150831.250000,-29962.042969
2046,-150807.031250,-29949.056641
2047,-150739.562500,-29714.642578
2048,-150632.500000,-29697.294922
2049,-150592.093750,-29702.685547
2050,-150586.484375,-29489.185547
2051,-150731.859375,-29691.876953
2052,-150774.828125,-29704.244141
2053,-150850.609375,-29754.908203
2054,-150769.000000,-29783.544922
2055,-150802.843750,-29757.828125
2056,-150854.187500,-30025.003906
2057,-150891.109375,-29851.087891
2058,-150832.437500,-29474.490234
2059,-150688.984375,-29302.957031
2060,-150691.531250,-29295.322266
2061,-150676.921875,-29278.031250
2062,-150757.890625,-29294.609375
2063,-150766.359375,-29522.445312
2064,-150690.046875,-28900.873047
2065,-150707.968750,-28764.443359
2066,-150484.546875,-28198.652344
2067,-150448.640625,-28136.005859
2068,-150365.359375,-28017.537109
2069,-150361.406250,-28212.363281
2070,-150232.281250,-28186.642578
2071,-150384.046875,-28278.986328
2072,-150417.421875,-28224.443359
2073,-150523.406250,-28234.894531
2074,-150420.578125,-28138.796875
2075,-150364.468750,-28202.003906
2076,-150355.406250,-27834.703125
2077,-150267.421875,-27755.195312
2078,-150254.296875,-27824.316406
2079,-150397.781250,-27891.232422
2080,-150473.656250,-27876.302734
2081,-150586.671875,-27819.166016
2082,-150612.390625,-27668.117188
2083,-150766.046875,-27768.673828
2084,-151089.718750,-27652.214844
2085,-150816.500000,-27596.859375
2086,-150615.046875,-27534.503906
2087,-150644.421875,-27951.878906
2088,-150655.015625,-27907.019531
2089,-150630.015625,-27851.570312
2090,-150627.968750,-27859.779297
2091,-150436.078125,-27806.513672
2092,-150400.296875,-27765.919922
2093,-150415.375000,-27822.343750
2094,-150421.437500,-27721.099609
2095,-150403.093750,-27769.556641
2096,-150406.578125,-27835.384766
2097,-150363.359375,-27921.087891
2098,-150311.312500,-27677.873047
2099,-150310.343750,-27633.562500
2100,-150300.890625,-27576.779297
2101,-150292.218750,-27760.421875
2102,-150366.046875,-27852.826172
2103,-150390.500000,-27963.998047
2104,-150398.125000,-28325.269531
2105,-150430.781250,-28185.640625
2106,-150382.250000,-27752.419922
2107,-150360.531250,-27662.386719
2108,-150220.218750,-27649.460938
2109,-150249.437500,-27539.437500
2110,-150292.953125,-27739.964844
2111,-150333.546875,-27723.744141
2112,-150418.437500,-27939.687500
2113,-150351.031250,-28448.585938
2114,-150415.812500,-28566.929688
2115,-150385.593750,-28610.050781
2116,-150492.421875,-29055.791016
2117,-150326.343750,-29120.216797
2118,-150391.078125,-29072.867188
2119,-150309.953125,-29088.568359
2120,-150259.906250,-28898.386719
2121,-150173.734375,-28828.621094
2122,-150141.921875,-28698.125000
2123,-150300.906250,-28695.623047
2124,-150239.296875,-28871.345703
2125,-150117.203125,-28723.394531
2126,-150166.328125,-28819.208984
2127,-150411.218750,-29126.388672
2128,-150386.156250,-29102.888672
2129,-150453.078125,-29159.009766
2130,-150487.546875,-29266.216797
2131,-150479.218750,-29321.871094
2132,-150561.093750,-29107.566406
2133,-150640.546875,-29090.992188
2134,-150516.718750,-29085.316406
2135,-150626.140625,-29098.041016
2136,-150563.968750,-29034.523438
2137,-150516.890625,-28887.642578
2138,-150575.203125,-28685.904297
2139,-150652.062500,-28863.191406
2140,-150608.000000,-28975.429688
2141,-150634.437500,-28830.994141
2142,-150637.953125,-28696.455078
2143,-150504.765625,-28646.523438
2144,-150407.531250,-28610.941406
2145,-150467.468750,-28737.818359
2146,-150396.359375,-28798.419922
2147,-150437.609375,-28903.900391
2148,-150637.093750,-28965.917969
2149,-150533.031250,-28703.576172
2150,-150568.890625,-28642.539062
2151,-150475.875000,-28502.976562
2152,-150486.390625,-28437.279297
2153,-150561.843750,-28343.796875
2154,-150644.343750,-28173.851562
2155,-150548.093750,-28258.818359
2156,-150650.375000,-28405.072266
2157,-150692.375000,-28049.306641
2158,-150721.171875,-28603.318359
2159,-150767.734375,-28526.894531
2160,-150908.093750,-28800.693359
2161,-150705.609375,-28841.746094
2162,-150860.265625,-28926.072266
2163,-150923.062500,-28823.677734
2164,-151113.765625,-28802.287109
2165,-151197.343750,-28879.332031
2166,-151227.062500,-28832.214844
2167,-151199.750000,-28785.554688
2168,-151276.656250,-28899.779297
2169,-151018.843750,-28755.810547
2170,-151078.718750,-28715.589844
2171,-151074.140625,-27923.640625
2172,-150863.953125,-27913.921875
2173,-150864.453125,-27877.136719
2174,-150768.546875,-27869.078125
2175,-150714.312500,-27758.287109
2176,-150728.359375,-27943.560547
2177,-150807.218750,-27891.835938
2178,-150778.375000,-27747.525391
2179,-150708.328125,-27821.919922
2180,-150678.937500,-27837.136719
2181,-150715.531250,-27997.775391
2182,-150601.343750,-27981.638672
2183,-150477.375000,-27880.931641
2184,-150343.093750,-27934.623047
2185,-150329.265625,-27810.835938
2186,-150382.218750,-27812.572266
2187,-150353.656250,-27919.908203
2188,-150566.687500,-28279.542969
2189,-150514.859375,-28313.962891
2190,-150413.687500,-28314.468750
2191,-150442.781250,-28398.787109
2192,-150508.640625,-28325.322266
2193,-150546.734375,-28341.738281
2194,-150365.812500,-28404.744141
2195,-150339.468750,-28425.796875
2196,-150341.843750,-28175.689453
2197,-150273.343750,-28377.216797
2198,-150157.734375,-28234.876953
2199,-149946.375000,-28393.134766
2200,-149906.671875,-28356.041016
2201,-149840.703125,-28403.996094
2202,-149918.843750,-28269.197266
2203,-150028.500000,-28378.474609
2204,-150015.218750,-28287.203125
2205,-150072.843750,-28325.966797
2206,-149975.953125,-28480.240234
2207,-150029.718750,-28776.306641
2208,-150042.781250,-28896.777344
2209,-150027.906250,-29015.361328
2210,-150061.421875,-28961.341797
2211,-150090.109375,-29058.060547
2212,-150022.515625,-29123.541016
2213,-150075.531250,-29146.412109
2214,-150019.062500,-29067.892578
2215,-149884.671875,-29036.259766
2216,-149902.796875,-28957.052734
2217,-149946.140625,-28952.359375
2218,-149895.343750,-28769.099609
2219,-149858.156250,-28755.871094
2220,-149903.312500,-28903.347656
2221,-149995.062500,-28853.400391
2222,-150082.281250,-29105.574219
2223,-150010.531250,-29041.748047
2224,-149917.593750,-28351.398438
2225,-149925.406250,-28845.923828
2226,-149940.281250,-28842.609375
2227,-149987.406250,-28866.841797
2228,-150081.109375,-28911.046875
2229,-150159.703125,-29035.939453
2230,-150154.156250,-29115.236328
2231,-150265.593750,-29154.509766
2232,-150028.031250,-29069.355469
2233,-150101.609375,-29071.324219
2234,-150029.671875,-29096.613281
2235,-150051.781250,-29131.992188
2236,-150046.906250,-29129.843750
2237,-150068.156250,-29135.000000
2238,-150038.921875,-29092.486328
2239,-150079.968750,-29015.314453
2240,-150124.218750,-29014.373047
2241,-150141.703125,-29159.765625
2242,-150164.828125,-29142.931641
2243,-150150.312500,-29081.865234
2244,-150029.093750,-28762.570312
2245,-150161.781250,-29062.679688
2246,-150348.328125,-29293.335938
2247,-150435.937500,-29224.869141
2248,-150475.265625,-29215.681641
2249,-150407.937500,-29141.755859
2250,-150390.531250,-29310.224609
2251,-150565.859375,-29224.693359
2252,-150542.984375,-29367.753906
2253,-150622.625000,-29414.201172
2254,-150625.187500,-29481.955078
2255,-150521.187500,-29484.320312
2256,-150597.562500,-29587.765625
2257,-150517.468750,-29594.230469
2258,-150646.421875,-29468.337891
2259,-150608.531250,-29602.935547
2260,-150641.890625,-29549.478516
2261,-150629.031250,-29623.789062
2262,-150680.609375,-29699.742188
2263,-150833.515625,-29730.738281
2264,-150760.468750,-29763.962891
2265,-150695.968750,-30402.419922
2266,-150650.453125,-30460.240234
2267,-150655.078125,-30196.757812
2268,-150641.968750,-29857.003906
2269,-150750.890625,-29892.355469
2270,-150783.406250,-29883.273438
2271,-150749.578125,-30255.332031
2272,-150672.906250,-30154.525391
2273,-150636.765625,-30117.216797
2274,-150578.968750,-30085.179688
2275,-150649.750000,-29883.470703
2276,-150669.140625,-30159.968750
2277,-150724.875000,-30442.119141
2278,-150730.031250,-30515.179688
2279,-150663.875000,-30504.167969
2280,-150616.750000,-30437.207031
2281,-150633.328125,-30455.900391
2282,-150602.312500,-30464.943359
2283,-150573.312500,-30640.093750
2284,-150648.359375,-30825.826172
2285,-150628.906250,-30756.523438
2286,-150553.328125,-30784.494141
2287,-150541.968750,-30614.132812
2288,-150672.296875,-30672.380859
2289,-150628.406250,-30510.779297
2290,-150648.015625,-30482.736328
2291,-150688.671875,-30597.160156
2292,-150686.484375,-30752.027344
2293,-150698.218750,-30813.359375
2294,-150678.968750,-30859.421875
2295,-150742.484375,-30819.662109
2296,-150654.765625,-30791.730469
2297,-150560.234375,-30790.244141
2298,-150554.453125,-30873.175781
2299,-150498.937500,-30847.779297
2300,-150414.906250,-30534.554688
2301,-150373.718750,-30711.562500
2302,-150374.109375,-30750.755859
2303,-150359.078125,-30723.912109
2304,-150415.843750,-30740.263672
2305,-150574.906250,-30696.574219
2306,-150564.312500,-30641.261719
2307,-150739.156250,-30655.318359
2308,-150708.093750,-30664.025391
2309,-150811.093750,-30752.896484
2310,-150803.843750,-30750.607422
2311,-150712.171875,-30765.644531
2312,-150652.343750,-30945.794922
2313,-150638.359375,-30975.164062
2314,-150536.171875,-30999.531250
2315,-150619.218750,-31011.267578
2316,-150659.046875,-31095.130859
2317,-150687.859375,-31055.503906
2318,-150640.421875,-31028.201172
2319,-150679.140625,-30984.865234
2320,-150516.562500,-31026.832031
2321,-150517.968750,-30864.560547
2322,-150649.343750,-31372.554688
2323,-150706.781250,-31294.570312
2324,-150651.828125,-31405.048828
2325,-150612.843750,-31370.457031
2326,-150641.140625,-31482.138672
2327,-150724.203125,-31431.753906
2328,-150793.343750,-31385.605469
2329,-150668.328125,-31412.367188
2330,-150741.953125,-31449.908203
2331,-150698.718750,-31421.746094
2332,-150829.906250,-31478.062500
2333,-150798.906250,-31355.687500
2334,-150889.140625,-31305.552734
2335,-150881.781250,-31398.458984
2336,-150834.093750,-31365.564453
2337,-150900.046875,-31354.416016
2338,-151106.937500,-31551.878906
2339,-151171.687500,-31288.996094
2340,-151088.359375,-31217.408203
2341,-151008.171875,-31158.351562
2342,-150994.031250,-31137.597656
2343,-151060.593750,-31060.150391
2344,-151112.781250,-30742.099609
2345,-151133.812500,-31046.546875
2346,-151193.625000,-31015.177734
2347,-151124.531250,-31090.107422
2348,-151190.500000,-31107.980469
2349,-151156.656250,-30761.496094
2350,-151110.015625,-30796.478516
2351,-151064.828125,-30577.550781
2352,-151007.265625,-30800.037109
2353,-151076.265625,-30650.337891
2354,-151047.796875,-30665.867188
2355,-151200.671875,-30522.900391
2356,-151279.562500,-30686.796875
2357,-151125.984375,-30162.222656
2358,-151000.031250,-30171.386719
2359,-151128.406250,-29891.242188
2360,-151238.593750,-29844.052734
2361,-151172.640625,-29823.306641
2362,-151207.046875,-29120.498047
2363,-151106.343750,-30063.843750
2364,-151190.234375,-30565.265625
2365,-151194.843750,-30553.628906
2366,-151262.406250,-30346.701172
2367,-151282.593750,-30506.197266
2368,-151242.218750,-30984.988281
2369,-151245.578125,-30961.138672
2370,-151233.718750,-30919.572266
2371,-151316.093750,-30934.230469
2372,-151403.656250,-31077.703125
2373,-151415.265625,-30959.318359
2374,-151451.828125,-30998.939453
2375,-151399.156250,-31030.669922
2376,-151384.390625,-31030.597656
2377,-151373.609375,-30985.406250
2378,-151356.906250,-30967.269531
2379,-151392.703125,-31252.673828
2380,-151497.062500,-31326.062500
2381,-151494.828125,-31374.404297
2382,-151520.265625,-31345.767578
2383,-151462.281250,-31326.478516
2384,-151508.296875,-31297.755859
2385,-151536.390625,-31321.457031
2386,-151439.671875,-31042.576172
2387,-151495.015625,-30966.343750
2388,-151532.890625,-31117.224609
2389,-151472.828125,-31091.933594
2390,-151565.640625,-31319.291016
2391,-151592.406250,-31213.833984
2392,-151456.953125,-31344.923828
2393,-151382.609375,-31247.738281
2394,-151385.203125,-31285.255859
2395,-151353.937500,-31270.562500
2396,-151335.046875,-31140.732422
2397,-151302.218750,-31140.945312
2398,-151164.906250,-31129.482422
2399,-151398.453125,-31579.769531
2400,-151463.656250,-31573.669922
2401,-151497.312500,-31402.183594
2402,-151514.421875,-31421.064453
2403,-151417.406250,-31430.531250
2404,-151398.687500,-31312.468750
2405,-151482.406250,-31568.634766
2406,-151404.468750,-31584.951172
2407,-151399.250000,-31712.371094
2408,-151407.953125,-31706.248047
2409,-151420.156250,-31733.394531
2410,-151376.437500,-31648.632812
2411,-151513.125000,-32116.138672
2412,-151439.656250,-32021.689453
2413,-151327.406250,-32036.027344
2414,-151232.906250,-32074.164062
2415,-151187.828125,-32032.894531
2416,-151158.265625,-31946.441406
2417,-151188.406250,-31878.396484
2418,-151221.390625,-31695.277344
2419,-151199.875000,-31493.000000
2420,-151241.890625,-31675.894531
2421,-151290.312500,-31696.570312
2422,-151274.890625,-31490.384766
2423,-151291.187500,-31710.140625
2424,-151190.406250,-31555.056641
2425,-151281.453125,-31532.451172
2426,-151170.796875,-32018.664062
2427,-151224.046875,-32004.861328
2428,-151321.843750,-32035.257812
2429,-151413.281250,-31975.871094
2430,-151425.906250,-32037.345703
2431,-151375.406250,-32080.656250
2432,-151370.437500,-32074.373047
2433,-151415.187500,-32092.689453
2434,-151404.750000,-31647.974609
2435,-151484.328125,-31602.939453
2436,-151579.781250,-31370.611328
2437,-151397.031250,-31194.468750
2438,-151363.593750,-31195.117188
2439,-151369.250000,-31098.898438
2440,-151347.593750,-31159.544922
2441,-151308.031250,-30920.703125
2442,-151413.093750,-31256.494141
2443,-151425.640625,-31239.591797
2444,-151377.500000,-31397.931641
2445,-151292.031250,-31395.435547
2446,-151433.984375,-31397.919922
2447,-151433.625000,-31415.148438
2448,-151505.843750,-31377.777344
2449,-151541.656250,-31241.218750
2450,-151441.906250,-31255.724609
2451,-151458.640625,-31270.171875
2452,-151608.109375,-31329.386719
2453,-151652.281250,-31352.085938
2454,-151582.921875,-31294.650391
2455,-151572.000000,-31274.523438
2456,-151531.062500,-31536.955078
2457,-151573.156250,-31604.710938
2458,-151498.421875,-31861.960938
2459,-151454.906250,-31966.544922
2460,-151371.765625,-31997.203125
2461,-151343.875000,-32037.138672
2462,-151243.906250,-31847.835938
2463,-151156.343750,-31655.970703
2464,-151091.156250,-31662.199219
2465,-151046.078125,-31296.166016
2466,-151106.500000,-31654.527344
2467,-151247.687500,-31625.500000
2468,-151158.968750,-31456.046875
2469,-151192.843750,-31636.236328
2470,-151182.968750,-31646.552734
2471,-151084.218750,-31477.796875
2472,-151102.750000,-31459.558594
2473,-151270.359375,-31202.462891
2474,-151440.781250,-31458.777344
2475,-151452.343750,-31444.830078
2476,-151458.031250,-31260.251953
2477,-151403.125000,-31207.019531
2478,-151329.093750,-31159.765625
2479,-151232.078125,-30994.316406
2480,-151111.656250,-30880.074219
2481,-151074.250000,-30830.539062
2482,-151066.156250,-30843.375000
2483,-151210.281250,-31022.867188
2484,-151283.250000,-30838.621094
2485,-151315.968750,-31017.957031
2486,-151357.906250,-31059.082031
2487,-151319.031250,-31070.087891
2488,-151331.453125,-31161.013672
2489,-151251.750000,-31127.800781
2490,-151297.171875,-30903.193359
2491,-151261.000000,-31393.808594
2492,-151344.687500,-31381.789062
2493,-151378.265625,-31349.082031
2494,-151262.078125,-31286.271484
2495,-151247.593750,-30911.701172
2496,-151203.953125,-31387.304688
2497,-151119.593750,-31381.654297
2498,-151214.578125,-31399.416016
2499,-151245.656250,-31307.457031
2500,-151329.656250,-31316.996094
2501,-151496.265625,-31354.396484
2502,-151612.093750,-31415.695312
2503,-151711.703125,-32339.607422
2504,-151606.078125,-32312.306641
2505,-151458.296875,-31422.925781
2506,-151597.468750,-32341.240234
2507,-151550.625000,-32347.443359
2508,-151703.015625,-32341.923828
2509,-151540.218750,-31291.488281
2510,-151542.906250,-31244.080078
2511,-151536.718750,-31189.880859
2512,-151516.937500,-31220.027344
2513,-151654.953125,-31291.789062
2514,-151621.843750,-31259.714844
2515,-151658.500000,-31285.533203
2516,-151662.187500,-31276.285156
2517,-151645.453125,-31148.906250
2518,-151705.468750,-31075.130859
2519,-151598.546875,-30976.775391
2520,-151672.656250,-31324.359375
2521,-151553.125000,-31325.804688
2522,-151644.656250,-31272.626953
2523,-151654.187500,-31219.527344
2524,-151722.343750,-31180.361328
2525,-151694.187500,-31448.990234
2526,-151799.718750,-31309.646484
2527,-151799.375000,-31314.773438
2528,-151882.781250,-31252.271484
2529,-151991.078125,-31251.681641
2530,-152038.968750,-31384.138672
2531,-152049.062500,-31353.673828
2532,-152016.609375,-31487.076172
2533,-152018.468750,-31820.017578
2534,-152068.203125,-31927.230469
2535,-151946.937500,-31841.357422
2536,-151802.531250,-31822.609375
2537,-151862.453125,-31705.933594
2538,-151778.562500,-31558.197266
2539,-151668.375000,-31509.755859
2540,-151853.031250,-31697.798828
2541,-151708.437500,-31617.056641
2542,-151766.031250,-31618.203125
2543,-151787.593750,-31327.537109
2544,-151798.156250,-31263.957031
2545,-151826.093750,-31366.787109
2546,-151841.843750,-31254.724609
2547,-151882.906250,-31376.101562
2548,-151930.156250,-31569.142578
2549,-151786.218750,-31179.951172
2550,-151840.281250,-31204.123047
2551,-151907.046875,-31513.250000
2552,-151881.718750,-31485.480469
2553,-151894.453125,-31553.216797
2554,-151942.718750,-31619.302734
2555,-151980.218750,-31410.902344
2556,-151912.812500,-31874.708984
2557,-151810.031250,-31879.296875
2558,-151769.890625,-31694.816406
2559,-151709.687500,-31683.058594
2560,-151688.062500,-31759.560547
2561,-151681.859375,-31726.513672
2562,-151693.375000,-31678.259766
2563,-151691.953125,-31714.623047
2564,-151603.312500,-31625.285156
2565,-151590.578125,-31651.53710